Title,Difficulty,Level,Chart Constant,Score,Note Count,PM Rating,Play Rating,Play Potential
Testify,BYD,12,12,0,2221,-,-,0.000
Designant.,BYD,11+,11.9,0,2184,-,-,0.000
Tempestissimo,BYD,11,11.7,0,1540,-,-,0.000
Arcana Eden,BYD,11,11.6,0,2134,-,-,0.000
Pentiment,BYD,11,11.5,0,1741,-,-,0.000
Aether Crest: Astral,ETR,11,11.5,0,1941,-,-,0.000
Lament Rain,BYD,11,11.4,0,1637,-,-,0.000
Abstruse Dilemma,FTR,11,11.3,0,1467,-,-,0.000
Arghena,FTR,11,11.3,0,1444,-,-,0.000
ALTER EGO,ETR,11,11.3,0,1644,-,-,0.000
Extradimensional Cosmic Phenomenon,ETR,11,11.3,0,1726,-,-,0.000
Aegleseeker,FTR,11,11.2,0,1568,-,-,0.000
PRAGMATISM -RESURRECTION-,BYD,11,11.2,0,1502,-,-,0.000
Vicious [ANTi] Heroism,BYD,11,11.2,0,1772,-,-,0.000
Grievous Lady,FTR,11,11.1,0,1450,-,-,0.000
Fracture Ray,FTR,11,11.1,0,1279,-,-,0.000
#1f1e33,FTR,11,11.1,0,1576,-,-,0.000
World Ender,BYD,11,11.1,0,1661,-,-,0.000
SAIKYO STRONGER,FTR,11,11,0,1384,-,-,0.000
LAMIA,FTR,11,11,0,1385,-,-,0.000
Einherjar Joker,BYD,10+,10.9,0,1857,-,-,0.000
Misdeed -la bonté de Dieu et l'origine du mal-,FTR,10+,10.9,0,1522,-,-,0.000
"Infinite Strife,",BYD,10+,10.9,0,1633,-,-,0.000
Testify,FTR,10+,10.9,0,1766,-,-,0.000
TEmPTaTiON,FTR,10+,10.9,0,1099,-,-,0.000
CHAOS,FTR,10+,10.9,0,1369,-,-,0.000
Vulcānus,FTR,10+,10.9,0,1542,-,-,0.000
Breach of Faith,BYD,10+,10.9,0,1448,-,-,0.000
Designant.,FTR,10+,10.9,0,1768,-,-,0.000
And Revive The Melody,FTR,10+,10.9,0,1710,-,-,0.000
DA'AT -The First Seeker of Souls-,FTR,10+,10.9,0,1500,-,-,0.000
ViRTUS,ETR,10+,10.9,0,1341,-,-,0.000
MEGALOVANIA (Camellia Remix),ETR,10+,10.9,0,1468,-,-,0.000
We're All Gonna Die,ETR,10+,10.9,0,1335,-,-,0.000
"Welcome, Queen of Fiction.",ETR,10+,10.9,0,1442,-,-,0.000
Heavensdoor,BYD,10+,10.8,0,1534,-,-,0.000
Ringed Genesis,FTR,10+,10.8,0,1146,-,-,0.000
Dantalion,FTR,10+,10.8,0,1476,-,-,0.000
BUCHiGiRE Berserker,FTR,10+,10.8,0,1412,-,-,0.000
ω4,FTR,10+,10.8,0,1393,-,-,0.000
Divine Light of Myriad,FTR,10+,10.8,0,1021,-,-,0.000
GENOCIDER,FTR,10+,10.8,0,1483,-,-,0.000
Stasis,FTR,10+,10.8,0,1521,-,-,0.000
PRIMITIVE LIGHTS,FTR,10+,10.8,0,1524,-,-,0.000
Spider's Thread,FTR,10+,10.8,0,1203,-,-,0.000
͟͝͞Ⅱ́̕,FTR,10+,10.8,0,1051,-,-,0.000
TeraVolt,FTR,10+,10.8,0,1008,-,-,0.000
Meta-Mysteria,FTR,10+,10.8,0,1309,-,-,0.000
Distorted Fate,ETR,10+,10.8,0,1402,-,-,0.000
Désive,ETR,10+,10.8,0,1340,-,-,0.000
Black MInD,FTR,10+,10.8,0,1274,-,-,0.000
Nightmare,ETR,10+,10.8,0,1116,-,-,0.000
Lilly,ETR,10+,10.8,0,1353,-,-,0.000
ouroboros -twin stroke of the end-,FTR,10+,10.7,0,1369,-,-,0.000
Cyaegha,FTR,10+,10.7,0,1368,-,-,0.000
World Vanquisher,FTR,10+,10.7,0,1452,-,-,0.000
Tempestissimo,FTR,10+,10.7,0,1254,-,-,0.000
AMAZING MIGHTYYYY!!!!,FTR,10+,10.7,0,1249,-,-,0.000
REKKA RESONANCE,FTR,10+,10.7,0,1212,-,-,0.000
NULL APOPHENIA,FTR,10+,10.7,0,1299,-,-,0.000
KYOREN ROMANCE,FTR,10+,10.7,0,1519,-,-,0.000
Inverted World,ETR,10+,10.7,0,1065,-,-,0.000
Don't Fight The Music,ETR,10+,10.7,0,1385,-,-,0.000
AlterGate,FTR,10+,10.7,0,1324,-,-,0.000
trappola bewitching,BYD,10,10.6,0,1086,-,-,0.000
Axium Crisis,FTR,10,10.6,0,1094,-,-,0.000
cyanine,FTR,10,10.6,0,1171,-,-,0.000
corps-sans-organes,FTR,10,10.6,0,1077,-,-,0.000
Purple Verse,BYD,10,10.6,0,1202,-,-,0.000
AttraqtiA,FTR,10,10.6,0,1433,-,-,0.000
Overwhelm,FTR,10,10.6,0,1251,-,-,0.000
Seclusion,FTR,10,10.6,0,1132,-,-,0.000
Live Fast Die Young,FTR,10,10.6,0,1292,-,-,0.000
"Good bye, Merry-Go-Round.",FTR,10,10.6,0,1084,-,-,0.000
[X],FTR,10,10.6,0,1190,-,-,0.000
Crimson Throne,FTR,10,10.6,0,1313,-,-,0.000
Manic Jeer,FTR,10,10.6,0,1286,-,-,0.000
UNKNOWN LEVELS,FTR,10,10.6,0,1149,-,-,0.000
Back to Basics,FTR,10,10.6,0,1544,-,-,0.000
MVURBD,FTR,10,10.6,0,1497,-,-,0.000
Dies irae,ETR,10,10.6,0,1263,-,-,0.000
Lament Rain,FTR,10,10.6,0,1380,-,-,0.000
Astral Quantization,FTR,10,10.6,0,1388,-,-,0.000
Aether Crest: Astral,FTR,10,10.6,0,1508,-,-,0.000
Extradimensional Cosmic Phenomenon,FTR,10,10.6,0,1422,-,-,0.000
Sheriruth (Laur Remix),FTR,10,10.5,0,1134,-,-,0.000
Singularity,FTR,10,10.5,0,1105,-,-,0.000
Halcyon,FTR,10,10.5,0,1227,-,-,0.000
Libertas,BYD,10,10.5,0,1048,-,-,0.000
GLORY: ROAD,FTR,10,10.5,0,1479,-,-,0.000
GIMME DA BLOOD,FTR,10,10.5,0,1093,-,-,0.000
overdead.,BYD,10,10.5,0,1503,-,-,0.000
Lightning Screw,FTR,10,10.5,0,1192,-,-,0.000
Aurgelmir,FTR,10,10.5,0,1100,-,-,0.000
Arcana Eden,FTR,10,10.5,0,1792,-,-,0.000
Chronicle,FTR,10,10.5,0,1264,-,-,0.000
Lucid Traveler,FTR,10,10.5,0,1341,-,-,0.000
Rise of the World,FTR,10,10.5,0,1176,-,-,0.000
Ego Eimi,FTR,10,10.5,0,1223,-,-,0.000
eden,FTR,10,10.5,0,1365,-,-,0.000
XTREME,FTR,10,10.5,0,1258,-,-,0.000
Wish Upon a Snow,FTR,10,10.5,0,1309,-,-,0.000
Aleph-0,FTR,10,10.5,0,919,-,-,0.000
Twilight Concerto,ETR,10,10.5,0,962,-,-,0.000
10pt8ion,ETR,10,10.5,0,1087,-,-,0.000
Judgement,FTR,10,10.5,0,1432,-,-,0.000
ALTER EGO,FTR,10,10.5,0,1466,-,-,0.000
Rain of Conflict in a Radiant Abyss,ETR,10,10.5,0,1247,-,-,0.000
Spirit of the Dauntless,FTR,10,10.5,0,1207,-,-,0.000
Straight into the lights,ETR,10,10.5,0,1280,-,-,0.000
MEGALOVANIA,ETR,10,10.5,0,1202,-,-,0.000
Dull Blade,FTR,10,10.5,0,1199,-,-,0.000
BlythE,ETR,10,10.5,0,1207,-,-,0.000
CHAOSBLAST,ETR,10,10.5,0,1539,-,-,0.000
γuarδina,FTR,10,10.4,0,1120,-,-,0.000
Garakuta Doll Play,FTR,10,10.4,0,1035,-,-,0.000
Singularity VVVIP,BYD,10,10.4,0,1114,-,-,0.000
Felis,FTR,10,10.4,0,1153,-,-,0.000
Climax,FTR,10,10.4,0,1367,-,-,0.000
Last Celebration,FTR,10,10.4,0,1475,-,-,0.000
Kissing Lucifer,FTR,10,10.4,0,1183,-,-,0.000
Pentiment,FTR,10,10.4,0,1345,-,-,0.000
PUPA,FTR,10,10.4,0,1099,-,-,0.000
IMPACT,BYD,10,10.4,0,1392,-,-,0.000
To the Milky Way,FTR,10,10.4,0,1392,-,-,0.000
Qovat,FTR,10,10.4,0,1299,-,-,0.000
Lethal Voltage,FTR,10,10.4,0,1497,-,-,0.000
MIRINAE,FTR,10,10.4,0,1277,-,-,0.000
Rays of Remnant,BYD,10,10.4,0,1118,-,-,0.000
Placebo♥Battler,FTR,10,10.4,0,1194,-,-,0.000
Dual Dependency,ETR,10,10.4,0,1162,-,-,0.000
Party Vinyl,BYD,10,10.3,0,946,-,-,0.000
Metallic Punisher,FTR,10,10.3,0,1238,-,-,0.000
Ether Strike,FTR,10,10.3,0,1170,-,-,0.000
Tiferet,FTR,10,10.3,0,1086,-,-,0.000
OMAKENO Stroke,BYD,10,10.3,0,931,-,-,0.000
Ikazuchi,FTR,10,10.3,0,1347,-,-,0.000
IZANA,FTR,10,10.3,0,976,-,-,0.000
To: Alice Liddell,FTR,10,10.3,0,998,-,-,0.000
Viyella's Tears,FTR,10,10.3,0,1403,-,-,0.000
"Hiiro Gekka, Kyoushou no Zetsu (nayuta 2017 ver.)",FTR,10,10.3,0,1126,-,-,0.000
99 Glooms,FTR,10,10.3,0,1294,-,-,0.000
ultradiaxon-N3,FTR,10,10.3,0,1228,-,-,0.000
Dual Doom Deathmatch,ETR,10,10.3,0,1292,-,-,0.000
Breach of Faith,FTR,10,10.3,0,1373,-,-,0.000
SUPER AMBULANCE,FTR,10,10.3,0,1371,-,-,0.000
8-EM,ETR,10,10.3,0,1201,-,-,0.000
Nirv lucE,FTR,10,10.2,0,980,-,-,0.000
αterlβus,FTR,10,10.2,0,1030,-,-,0.000
conflict,FTR,10,10.2,0,1056,-,-,0.000
Red and Blue and Green,BYD,10,10.2,0,1194,-,-,0.000
Valhalla:0,FTR,10,10.2,0,1173,-,-,0.000
Malicious Mischance,FTR,10,10.2,0,1126,-,-,0.000
Löschen,FTR,10,10.2,0,1235,-,-,0.000
Quon (DJ Noriken),BYD,10,10.2,0,1044,-,-,0.000
lastendconductor,BYD,10,10.2,0,1339,-,-,0.000
Redolent Shape,FTR,10,10.2,0,1088,-,-,0.000
NEO WINGS,FTR,10,10.2,0,1328,-,-,0.000
Capella,FTR,10,10.2,0,1159,-,-,0.000
Magnolia,FTR,10,10.2,0,895,-,-,0.000
Logos,FTR,10,10.2,0,1040,-,-,0.000
Renegade,BYD,10,10.2,0,1165,-,-,0.000
Your Best Nightmare,BYD,10,10.2,0,1451,-,-,0.000
PRAGMATISM,FTR,10,10.1,0,942,-,-,0.000
G e n g a o z o,FTR,10,10.1,0,1353,-,-,0.000
Medusa,FTR,10,10.1,0,931,-,-,0.000
Trrricksters!!,FTR,10,10.1,0,1183,-,-,0.000
Kanbu de Tomatte Sugu Tokeru,FTR,10,10.1,0,1108,-,-,0.000
Gensou no Satellite,ETR,10,10.1,0,1139,-,-,0.000
BlazinG AIR,ETR,10,10.1,0,1129,-,-,0.000
OBLIVION,ETR,10,10.1,0,871,-,-,0.000
Don't Die,ETR,10,10.1,0,1004,-,-,0.000
We're All Gonna Die,FTR,10,10.1,0,1147,-,-,0.000
"Welcome, Queen of Fiction.",FTR,10,10.1,0,1172,-,-,0.000
Sheriruth,FTR,10,10,0,1151,-,-,0.000
Bookmaker (2D Version),BYD,10,10,0,1287,-,-,0.000
Alexandrite,FTR,10,10,0,1040,-,-,0.000
Scarlet Lance,FTR,10,10,0,1130,-,-,0.000
Vicious Heroism,FTR,10,10,0,1150,-,-,0.000
La'qryma of the Wasteland,BYD,10,10,0,1161,-,-,0.000
Xanatos,FTR,10,10,0,1232,-,-,0.000
Oshama Scramble!,FTR,10,10,0,1073,-,-,0.000
Bamboo,FTR,10,10,0,1050,-,-,0.000
HIVEMIND,FTR,10,10,0,1252,-,-,0.000
World Ender,FTR,10,10,0,1225,-,-,0.000
Free Myself,FTR,10,10,0,1132,-,-,0.000
Masquerade Legion,FTR,10,10,0,1064,-,-,0.000
Chromafill,FTR,10,10,0,1130,-,-,0.000
Third Sun,ETR,10,10,0,1043,-,-,0.000
TRPNO,FTR,10,10,0,897,-,-,0.000
Liar,FTR,10,10,0,919,-,-,0.000
Dement ~after legend~,BYD,9+,9.9,0,1040,-,-,0.000
Modelista,FTR,9+,9.9,0,1010,-,-,0.000
trappola bewitching,FTR,9+,9.9,0,1044,-,-,0.000
Ignotus Afterburn,BYD,9+,9.9,0,1077,-,-,0.000
Nhelv,FTR,9+,9.9,0,1108,-,-,0.000
Heavensdoor,FTR,9+,9.9,0,1101,-,-,0.000
Mirzam,FTR,9+,9.9,0,1303,-,-,0.000
Antagonism,FTR,9+,9.9,0,1142,-,-,0.000
Arcahv,FTR,9+,9.9,0,1065,-,-,0.000
Galaxy Friends,FTR,9+,9.9,0,1013,-,-,0.000
7thSense,FTR,9+,9.9,0,925,-,-,0.000
Summer Fireworks of Love,FTR,9+,9.9,0,1088,-,-,0.000
"Infinite Strife,",FTR,9+,9.9,0,1511,-,-,0.000
Trap Crow,FTR,9+,9.9,0,1074,-,-,0.000
Astra walkthrough,FTR,9+,9.9,0,1191,-,-,0.000
MAXRAGE,FTR,9+,9.9,0,1184,-,-,0.000
New York Back Raise,FTR,9+,9.9,0,1091,-,-,0.000
The Survivor (Game Edit),FTR,9+,9.9,0,1100,-,-,0.000
Devillic Sphere,FTR,9+,9.9,0,1129,-,-,0.000
INTERNET YAMERO,FTR,10,9.9,0,1222,-,-,0.000
Ultimate taste,FTR,9+,9.9,0,1405,-,-,0.000
Amekagura,FTR,9+,9.9,0,1076,-,-,0.000
Désive,FTR,9+,9.9,0,1273,-,-,0.000
Beautiful Dreamer,FTR,9+,9.9,0,1139,-,-,0.000
STARGATE EXTREME,ETR,9+,9.9,0,915,-,-,0.000
Hypnotize,ETR,9+,9.9,0,1164,-,-,0.000
Ashen 6oundary,FTR,9+,9.9,0,1183,-,-,0.000
Distortion Human,FTR,9+,9.9,0,1317,-,-,0.000
Swan Song,FTR,9+,9.9,0,1225,-,-,0.000
ViRTUS,FTR,9+,9.9,0,1222,-,-,0.000
Shinchoku Doudesuka?,ETR,9+,9.9,0,1162,-,-,0.000
Tic! Tac! Toe!,ETR,9+,9.9,0,907,-,-,0.000
Syriana,FTR,9+,9.9,0,886,-,-,0.000
Lilly,FTR,9+,9.9,0,1312,-,-,0.000
incomplete the one,ETR,9+,9.9,0,1008,-,-,0.000
GOODTEK (Arcaea Edit),BYD,9+,9.8,0,1103,-,-,0.000
Lost Civilization,BYD,9+,9.8,0,1061,-,-,0.000
qualia -ideaesthesia-,BYD,9+,9.8,0,1288,-,-,0.000
Kanagawa Cyber Culvert,BYD,9+,9.8,0,1121,-,-,0.000
SOUNDWiTCH,FTR,9+,9.8,0,785,-,-,0.000
Memory Forest,FTR,9+,9.8,0,978,-,-,0.000
Cybernecia Catharsis,BYD,9+,9.8,0,991,-,-,0.000
Linear Accelerator,FTR,9+,9.8,0,905,-,-,0.000
Black Territory,FTR,9+,9.8,0,1195,-,-,0.000
Corruption,FTR,9+,9.8,0,1293,-,-,0.000
FREEF4LL,BYD,9+,9.8,0,1336,-,-,0.000
Heavenly caress,FTR,9+,9.8,0,1560,-,-,0.000
Einherjar Joker,FTR,9+,9.8,0,1159,-,-,0.000
Lost Desire,FTR,9+,9.8,0,1154,-,-,0.000
Altale,FTR,9+,9.8,0,690,-,-,0.000
Scarlet Cage,FTR,9+,9.8,0,1195,-,-,0.000
Got hive of Ra,FTR,9+,9.8,0,794,-,-,0.000
Xeraphinite,FTR,9+,9.8,0,1048,-,-,0.000
Far Away Light,FTR,9+,9.8,0,1322,-,-,0.000
THE ULTIMACY,FTR,9+,9.8,0,1304,-,-,0.000
Mazy Metroplex,FTR,9+,9.8,0,952,-,-,0.000
Ascent,FTR,9+,9.8,0,1023,-,-,0.000
Haze of Autumn,FTR,9+,9.8,0,1077,-,-,0.000
init(),FTR,9+,9.8,0,1204,-,-,0.000
Macrocosmic Modulation,FTR,9+,9.8,0,1117,-,-,0.000
Protoflicker,FTR,9+,9.8,0,1042,-,-,0.000
Defection,FTR,9+,9.8,0,1141,-,-,0.000
Callima Karma,FTR,9+,9.8,0,1222,-,-,0.000
Ai Drew,FTR,9+,9.8,0,1066,-,-,0.000
FLUFFY FLASH,FTR,9+,9.8,0,1329,-,-,0.000
World Fragments III(radio edit),FTR,9+,9.8,0,1387,-,-,0.000
Genesis (Morrigan feat. Lily),FTR,9+,9.8,0,867,-,-,0.000
Hybris (The one who shattered),FTR,9+,9.8,0,1196,-,-,0.000
RGB,FTR,9+,9.8,0,1131,-,-,0.000
Kanjou no Matenrou ~Arr.Demetori,FTR,9+,9.8,0,1294,-,-,0.000
To the Furthest Dream,FTR,9+,9.8,0,1102,-,-,0.000
Technicolour,FTR,9+,9.8,0,1140,-,-,0.000
Nameless Passion,FTR,9+,9.8,0,1223,-,-,0.000
Ouvertüre,FTR,9+,9.8,0,913,-,-,0.000
LIVHT MY WΔY,FTR,9+,9.8,0,954,-,-,0.000
MORNINGLOOM,ETR,9+,9.8,0,1035,-,-,0.000
Old School Salvage,FTR,9+,9.8,0,1316,-,-,0.000
10pt8ion,FTR,9+,9.8,0,906,-,-,0.000
HYPER VISION,FTR,9+,9.8,0,1040,-,-,0.000
shrink,FTR,9+,9.8,0,929,-,-,0.000
Waltz for Lorelei,ETR,9+,9.8,0,999,-,-,0.000
Crimson Quartz,ETR,9+,9.8,0,1200,-,-,0.000
LiftOff,ETR,9+,9.8,0,988,-,-,0.000
Ignition,FTR,9+,9.8,0,994,-,-,0.000
yomibito_shirazu,FTR,9+,9.8,0,1075,-,-,0.000
MEGALOVANIA (Camellia Remix),FTR,9+,9.8,0,1345,-,-,0.000
U.A.D,ETR,9+,9.8,0,836,-,-,0.000
Nightmare,FTR,9+,9.8,0,901,-,-,0.000
Won't Back Down,FTR,9+,9.8,0,1015,-,-,0.000
Miles,ETR,9+,9.8,0,829,-,-,0.000
Scarlet Lunar Empress,FTR,9+,9.8,0,1037,-,-,0.000
disintegration,ETR,9+,9.8,0,821,-,-,0.000
Moonheart,BYD,9+,9.7,0,1139,-,-,0.000
Lethaeus,FTR,9+,9.7,0,900,-,-,0.000
Sulfur,FTR,9+,9.7,0,1045,-,-,0.000
The Message,FTR,9+,9.7,0,992,-,-,0.000
Fallensquare,FTR,9+,9.7,0,703,-,-,0.000
DX Choseinou Full Metal Shojo,FTR,9+,9.7,0,808,-,-,0.000
SUPERNOVA,FTR,9+,9.7,0,1123,-,-,0.000
Dreadnought,FTR,9+,9.7,0,1099,-,-,0.000
Monochrome Princess,FTR,9+,9.7,0,974,-,-,0.000
Filament,FTR,9+,9.7,0,991,-,-,0.000
BATTLE NO.1,FTR,9+,9.7,0,1042,-,-,0.000
BLRINK,FTR,9+,9.7,0,1015,-,-,0.000
Oblivia,BYD,9+,9.7,0,1021,-,-,0.000
amygdata,FTR,9+,9.7,0,1199,-,-,0.000
Black Lotus,FTR,9+,9.7,0,965,-,-,0.000
Teriqma,BYD,9+,9.7,0,954,-,-,0.000
BADTEK,FTR,9+,9.7,0,916,-,-,0.000
Heart Jackin',FTR,9+,9.7,0,1112,-,-,0.000
Dazzle hop,FTR,9+,9.7,0,1022,-,-,0.000
Vandalism,FTR,9+,9.7,0,1087,-,-,0.000
AlterAle,FTR,9+,9.7,0,1277,-,-,0.000
goldenslaughterer,FTR,9+,9.7,0,1326,-,-,0.000
nέo κósmo,FTR,9+,9.7,0,979,-,-,0.000
µ,FTR,9+,9.7,0,1256,-,-,0.000
Loveless Dress,FTR,9+,9.7,0,850,-,-,0.000
Last | Eternity,BYD,9+,9.7,0,790,-,-,0.000
Let's Rock (Arcaea mix),FTR,9+,9.7,0,1177,-,-,0.000
Lost in the Abyss,FTR,9+,9.7,0,1179,-,-,0.000
SACRIFICE feat. ayame,FTR,9+,9.7,0,958,-,-,0.000
B.B.K.K.B.K.K.,FTR,9+,9.7,0,976,-,-,0.000
Hotarubi no Yuki,FTR,9+,9.7,0,991,-,-,0.000
Luna Rossa,FTR,9+,9.7,0,920,-,-,0.000
Innocence,ETR,9+,9.7,0,1157,-,-,0.000
IONOSTREAM,ETR,9+,9.7,0,871,-,-,0.000
Awaken In Ruins,FTR,9+,9.7,0,754,-,-,0.000
Hailstone,FTR,9+,9.7,0,1002,-,-,0.000
Rays of Remnant,FTR,9+,9.7,0,982,-,-,0.000
Last Goodbye,ETR,9+,9.7,0,911,-,-,0.000
Black Mirror on the Wall,ETR,9+,9.7,0,894,-,-,0.000
τ (tau),FTR,9+,9.7,0,1057,-,-,0.000
Infinity Heaven,BYD,9,9.6,0,986,-,-,0.000
Quon (Feryquitous),FTR,9,9.6,0,991,-,-,0.000
next to you,BYD,9,9.6,0,954,-,-,0.000
carmine:scythe,FTR,9,9.6,0,1164,-,-,0.000
LunarOrbit -believe in the Espebranch road-,FTR,9,9.6,0,1058,-,-,0.000
Purgatorium,BYD,9,9.6,0,1051,-,-,0.000
Astral tale,FTR,9,9.6,0,884,-,-,0.000
Antithese,BYD,9,9.6,0,968,-,-,0.000
Vindication,FTR,9,9.6,0,1075,-,-,0.000
A Wandering Melody of Love,FTR,9,9.6,0,931,-,-,0.000
Avant Raze,FTR,9,9.6,0,1125,-,-,0.000
Purple Verse,FTR,9,9.6,0,1023,-,-,0.000
Lazy Addiction,FTR,9,9.6,0,1031,-,-,0.000
ENERGY SYNERGY MATRIX,FTR,9,9.6,0,922,-,-,0.000
Last | Moment,BYD,9,9.6,0,888,-,-,0.000
Heart,FTR,9,9.6,0,872,-,-,0.000
IMPACT,FTR,9,9.6,0,1231,-,-,0.000
Arghena,PRS,9,9.6,0,1082,-,-,0.000
Remind the Souls (Short Version),FTR,9,9.6,0,945,-,-,0.000
Stratoliner,FTR,9,9.6,0,877,-,-,0.000
Alone & Lorn,FTR,9,9.6,0,970,-,-,0.000
Distorted Fate,FTR,9,9.6,0,1172,-,-,0.000
epitaxy,ETR,9,9.6,0,1410,-,-,0.000
Renegade,FTR,9,9.6,0,994,-,-,0.000
Designant.,PRS,9,9.6,0,1426,-,-,0.000
See the Lights!,ETR,9,9.6,0,844,-,-,0.000
Factorder,ETR,9,9.6,0,1015,-,-,0.000
CHAOSBLAST,FTR,9,9.6,0,1290,-,-,0.000
Fairytale,BYD,9,9.5,0,932,-,-,0.000
Lumia,BYD,9,9.5,0,814,-,-,0.000
DataErr0r,FTR,9,9.5,0,955,-,-,0.000
Cybernecia Catharsis,FTR,9,9.5,0,946,-,-,0.000
Fracture Ray,PRS,9,9.5,0,1343,-,-,0.000
Illegal Paradise,FTR,9,9.5,0,1061,-,-,0.000
dropdead,PRS,9,9.5,0,1323,-,-,0.000
STAGER (ALL STAGE CLEAR),FTR,9,9.5,0,1004,-,-,0.000
OMAKENO Stroke,FTR,9,9.5,0,869,-,-,0.000
Tempestissimo,PRS,9,9.5,0,1034,-,-,0.000
MAHOROBA,FTR,9,9.5,0,828,-,-,0.000
ΟΔΥΣΣΕΙΑ,FTR,9,9.5,0,1092,-,-,0.000
Evening in Scarlet,FTR,9,9.5,0,922,-,-,0.000
NULCTRL,FTR,9,9.5,0,715,-,-,0.000
GIMMICK,FTR,9,9.5,0,733,-,-,0.000
Dynitikós,FTR,9,9.5,0,986,-,-,0.000
Transient Space,FTR,9,9.5,0,805,-,-,0.000
felys final remix,FTR,9,9.5,0,1130,-,-,0.000
On And On!! feat. Jenga,FTR,9,9.5,0,836,-,-,0.000
Jingle,ETR,9,9.5,0,1047,-,-,0.000
〇、,FTR,9,9.5,0,708,-,-,0.000
Twilight Concerto,FTR,9,9.5,0,803,-,-,0.000
In Vain,FTR,9,9.5,0,1111,-,-,0.000
Inverted World,FTR,9,9.5,0,940,-,-,0.000
Rain of Conflict in a Radiant Abyss,FTR,9,9.5,0,1174,-,-,0.000
Dies irae,FTR,9,9.5,0,1052,-,-,0.000
astral.exe,FTR,9,9.5,0,1059,-,-,0.000
8-EM,FTR,9,9.5,0,1081,-,-,0.000
Straight into the lights,FTR,9,9.5,0,1226,-,-,0.000
MEGALOVANIA,FTR,9,9.5,0,1064,-,-,0.000
End of The Moonlight,FTR,9,9.5,0,738,-,-,0.000
OBLIVION,FTR,9,9.5,0,759,-,-,0.000
SATISFACTION,ETR,9,9.5,0,1047,-,-,0.000
Someday,FTR,9,9.5,0,673,-,-,0.000
Dual Dependency,FTR,9,9.5,0,987,-,-,0.000
Party Vinyl,FTR,9,9.4,0,800,-,-,0.000
CROSS†SOUL,FTR,9,9.4,0,1081,-,-,0.000
Your voice so... feat. Such,FTR,9,9.4,0,1013,-,-,0.000
Impure Bird,FTR,9,9.4,0,805,-,-,0.000
Dreamin' Attraction!!,FTR,9,9.4,0,1129,-,-,0.000
Red and Blue,FTR,9,9.4,0,845,-,-,0.000
Yosakura Fubuki,FTR,9,9.4,0,931,-,-,0.000
Specta,FTR,9,9.4,0,1096,-,-,0.000
Be There,FTR,9,9.4,0,982,-,-,0.000
inkar-usi,BYD,9,9.4,0,857,-,-,0.000
MERLIN,BYD,9,9.4,0,881,-,-,0.000
VECTOЯ,FTR,9,9.4,0,1299,-,-,0.000
AI[UE]OON,FTR,9,9.4,0,989,-,-,0.000
SAIKYO STRONGER,PRS,9,9.4,0,1067,-,-,0.000
Equilibrium,FTR,9,9.4,0,951,-,-,0.000
Teriqma,FTR,9,9.4,0,873,-,-,0.000
CROSS†OVER,FTR,9,9.4,0,1094,-,-,0.000
Lapis,FTR,9,9.4,0,920,-,-,0.000
Crystal Gravity,FTR,9,9.4,0,872,-,-,0.000
Let you DIVE! (nitro rmx),FTR,9,9.4,0,1049,-,-,0.000
with U,FTR,9,9.4,0,932,-,-,0.000
lastendconductor,FTR,9,9.4,0,1209,-,-,0.000
Final Step!,FTR,9,9.4,0,1056,-,-,0.000
Sakura Fubuki,FTR,9,9.4,0,837,-,-,0.000
Head BONK ache,FTR,9,9.4,0,1061,-,-,0.000
PICO-Pico-Translation!,FTR,9,9.4,0,1049,-,-,0.000
Testify,PRS,9,9.4,0,1225,-,-,0.000
Redraw the Colorless World,FTR,9,9.4,0,886,-,-,0.000
MANTIS (Arcaea Ultra-Bloodrush VIP),FTR,9,9.4,0,1014,-,-,0.000
DRG,FTR,9,9.4,0,872,-,-,0.000
Raven's Pride,FTR,9,9.4,0,1030,-,-,0.000
FANTA5Y,FTR,9,9.4,0,965,-,-,0.000
FURETE-MITAI,ETR,9,9.4,0,841,-,-,0.000
Third Sun,FTR,9,9.4,0,811,-,-,0.000
Death by Glamour,ETR,9,9.4,0,912,-,-,0.000
Don't Die,FTR,9,9.4,0,793,-,-,0.000
I want You,ETR,9,9.4,0,660,-,-,0.000
BlythE,FTR,9,9.4,0,1000,-,-,0.000
GOODTEK (Arcaea Edit),FTR,9,9.3,0,968,-,-,0.000
Oracle,FTR,9,9.3,0,963,-,-,0.000
Ignotus,FTR,9,9.3,0,1225,-,-,0.000
Auxesia,FTR,9,9.3,0,1000,-,-,0.000
Grievous Lady,PRS,9,9.3,0,1194,-,-,0.000
Syro,FTR,9,9.3,0,1150,-,-,0.000
Blaster,FTR,9,9.3,0,1002,-,-,0.000
Feels So Right feat. Renko,FTR,9,9.3,0,947,-,-,0.000
Glow,FTR,9,9.3,0,916,-,-,0.000
Can I Friend You on Bassbook? Lol,FTR,9,9.3,0,861,-,-,0.000
Small Cloud Sugar Candy,FTR,9,9.3,0,919,-,-,0.000
False Embellishment,FTR,9,9.3,0,969,-,-,0.000
Blocked Library,FTR,9,9.3,0,850,-,-,0.000
Lost Emotion feat. nomico,FTR,9,9.3,0,1123,-,-,0.000
The Formula,FTR,9,9.3,0,957,-,-,0.000
HELLOHELL,ETR,9,9.3,0,770,-,-,0.000
Floating World,FTR,9,9.3,0,1047,-,-,0.000
STARGATE EXTREME,FTR,9,9.3,0,724,-,-,0.000
Don't Fight The Music,FTR,9,9.3,0,1043,-,-,0.000
Lost Civilization,FTR,9,9.2,0,986,-,-,0.000
Anökumene,FTR,9,9.2,0,851,-,-,0.000
Strongholds,FTR,9,9.2,0,922,-,-,0.000
Rugie,FTR,9,9.2,0,975,-,-,0.000
Phantasia,FTR,9,9.2,0,952,-,-,0.000
Libertas,FTR,9,9.2,0,947,-,-,0.000
#1f1e33,PRS,9,9.2,0,1144,-,-,0.000
Alice à la mode,FTR,9,9.2,0,872,-,-,0.000
Dancin' on a Cat's Paw,FTR,9,9.2,0,891,-,-,0.000
cocoro*cosmetic,FTR,9,9.2,0,1025,-,-,0.000
Used to be,FTR,9,9.2,0,799,-,-,0.000
Leave All Behind,FTR,9,9.2,0,828,-,-,0.000
"Sign of ""10.5km""",FTR,9,9.2,0,735,-,-,0.000
ALTER EGO,PRS,9,9.2,0,1213,-,-,0.000
Ladymade Star,ETR,9,9.2,0,753,-,-,0.000
Shades of Light in a Transcendent Realm,BYD,9,9.1,0,1042,-,-,0.000
Essence of Twilight,FTR,9,9.1,0,1204,-,-,0.000
qualia -ideaesthesia-,FTR,9,9.1,0,1022,-,-,0.000
Iconoclast,FTR,9,9.1,0,795,-,-,0.000
Journey,FTR,9,9.1,0,997,-,-,0.000
dropdead,FTR,8+,9.1,0,823,-,-,0.000
Empire of Winter,FTR,9,9.1,0,920,-,-,0.000
ReviXy,FTR,9,9.1,0,1047,-,-,0.000
La'qryma of the Wasteland,FTR,9,9.1,0,956,-,-,0.000
Faint Light (Arcaea Edit),FTR,9,9.1,0,809,-,-,0.000
Alice's Suitcase,FTR,9,9.1,0,999,-,-,0.000
Life is PIANO,FTR,9,9.1,0,674,-,-,0.000
Aegleseeker,PRS,9,9.1,0,1235,-,-,0.000
Coastal Highway,FTR,9,9.1,0,732,-,-,0.000
Blue Rose,FTR,9,9.1,0,955,-,-,0.000
Prayer,ETR,9,9.1,0,714,-,-,0.000
Vexaria,BYD,9,9,0,785,-,-,0.000
Flyburg and Endroll,FTR,9,9,0,930,-,-,0.000
Kanagawa Cyber Culvert,FTR,9,9,0,1111,-,-,0.000
Jump,FTR,9,9,0,841,-,-,0.000
Turbocharger,FTR,9,9,0,979,-,-,0.000
Last,FTR,9,9,0,831,-,-,0.000
Lawless Point,FTR,9,9,0,838,-,-,0.000
Galactic Love,FTR,9,9,0,813,-,-,0.000
Primeval Texture,FTR,9,9,0,810,-,-,0.000
memoryfactory.lzh,FTR,8+,8.9,0,672,-,-,0.000
Flashback,FTR,8+,8.9,0,856,-,-,0.000
Chronostasis,FTR,8+,8.9,0,916,-,-,0.000
Evoltex (poppi'n mix),FTR,8+,8.9,0,775,-,-,0.000
Maze No.9,FTR,8+,8.9,0,775,-,-,0.000
Suomi,ETR,8+,8.9,0,732,-,-,0.000
MERLIN,FTR,8+,8.9,0,712,-,-,0.000
Chelsea,FTR,8+,8.9,0,650,-,-,0.000
Give Me a Nightmare,FTR,8+,8.9,0,948,-,-,0.000
REKKA RESONANCE,PRS,8+,8.9,0,1051,-,-,0.000
GENOCIDER,PRS,8+,8.9,0,1025,-,-,0.000
Lights of Muse,FTR,8+,8.9,0,580,-,-,0.000
Chronicle,PRS,8+,8.9,0,1077,-,-,0.000
To the Milky Way,PRS,8+,8.9,0,1154,-,-,0.000
Lucid Traveler,PRS,8+,8.9,0,1006,-,-,0.000
͟͝͞Ⅱ́̕,PRS,8+,8.9,0,816,-,-,0.000
Abstruse Dilemma,PRS,8+,8.9,0,1127,-,-,0.000
TeraVolt,PRS,8+,8.9,0,804,-,-,0.000
Hypnotize,FTR,8+,8.9,0,993,-,-,0.000
Dual Doom Deathmatch,FTR,8+,8.9,0,1094,-,-,0.000
BlazinG AIR,FTR,8+,8.9,0,757,-,-,0.000
Aether Crest: Astral,PRS,8+,8.9,0,1147,-,-,0.000
Your Best Nightmare,FTR,8+,8.9,0,1086,-,-,0.000
Clotho and the stargazer,ETR,8+,8.8,0,1031,-,-,0.000
Surrender,FTR,8+,8.8,0,925,-,-,0.000
next to you,FTR,8+,8.8,0,824,-,-,0.000
Solitary Dream,FTR,8+,8.8,0,972,-,-,0.000
Antithese,FTR,8+,8.8,0,877,-,-,0.000
Vivid Theory,FTR,8+,8.8,0,885,-,-,0.000
Cosmica,FTR,8+,8.8,0,773,-,-,0.000
Dialnote,FTR,8+,8.8,0,684,-,-,0.000
NULL APOPHENIA,PRS,8+,8.8,0,1098,-,-,0.000
CYCLES,FTR,8+,8.8,0,695,-,-,0.000
PRIMITIVE LIGHTS,PRS,8+,8.8,0,1073,-,-,0.000
Cosmo Pop Funclub,FTR,8+,8.8,0,809,-,-,0.000
Aleph-0,PRS,8+,8.8,0,579,-,-,0.000
MORNINGLOOM,FTR,8+,8.8,0,940,-,-,0.000
Hidden Rainbows of Epicurus,ETR,8+,8.8,0,884,-,-,0.000
Waltz for Lorelei,FTR,8+,8.8,0,916,-,-,0.000
Saint or Sinner,FTR,8+,8.8,0,906,-,-,0.000
Crimson Quartz,FTR,8+,8.8,0,861,-,-,0.000
Lament Rain,PRS,8+,8.8,0,1186,-,-,0.000
Shinchoku Doudesuka?,FTR,8+,8.8,0,957,-,-,0.000
Tic! Tac! Toe!,FTR,8+,8.8,0,760,-,-,0.000
Extradimensional Cosmic Phenomenon,PRS,8+,8.8,0,1193,-,-,0.000
incomplete the one,FTR,8+,8.8,0,912,-,-,0.000
cry of viyella,FTR,8+,8.7,0,791,-,-,0.000
Call My Name feat. Yukacco,FTR,8+,8.7,0,921,-,-,0.000
Grimheart,FTR,8+,8.7,0,959,-,-,0.000
Senkyou,FTR,8+,8.7,0,964,-,-,0.000
Beside You,FTR,8+,8.7,0,703,-,-,0.000
Paper Witch,FTR,8+,8.7,0,793,-,-,0.000
Quon (DJ Noriken),FTR,8+,8.7,0,749,-,-,0.000
Pentiment,PRS,8+,8.7,0,1055,-,-,0.000
Arcana Eden,PRS,8+,8.7,0,1310,-,-,0.000
"Tsuki ni Murakumo, Hana ni Kaze",FTR,8+,8.7,0,740,-,-,0.000
WAIT FOR DAWN,FTR,8+,8.7,0,861,-,-,0.000
IONOSTREAM,FTR,8+,8.7,0,818,-,-,0.000
Back to Basics,PRS,8+,8.7,0,1115,-,-,0.000
Gensou no Satellite,FTR,8+,8.7,0,992,-,-,0.000
Heartache,ETR,8+,8.7,0,851,-,-,0.000
U.A.D,FTR,8+,8.7,0,643,-,-,0.000
AlterGate,PRS,8+,8.7,0,993,-,-,0.000
PRAGMATISM,PRS,8,8.6,0,855,-,-,0.000
Silent Rush,FTR,8,8.6,0,941,-,-,0.000
FREEF4LL,FTR,8,8.6,0,1023,-,-,0.000
Gekka (Short Version),FTR,8,8.6,0,817,-,-,0.000
BUCHiGiRE Berserker,PRS,8,8.6,0,1046,-,-,0.000
April showers,FTR,8,8.6,0,697,-,-,0.000
enchanted love,FTR,8,8.6,0,759,-,-,0.000
HIVEMIND,PRS,8,8.6,0,988,-,-,0.000
Ego Eimi,PRS,8,8.6,0,937,-,-,0.000
Judgement,PRS,8,8.6,0,1055,-,-,0.000
epitaxy,FTR,8,8.6,0,1177,-,-,0.000
ViRTUS,PRS,8,8.6,0,1000,-,-,0.000
Black Mirror on the Wall,FTR,8,8.6,0,735,-,-,0.000
See the Lights!,FTR,8,8.6,0,692,-,-,0.000
Factorder,FTR,8,8.6,0,849,-,-,0.000
Sayonara Hatsukoi,ETR,8,8.5,0,728,-,-,0.000
Babaroque,FTR,8,8.5,0,808,-,-,0.000
Dandelion,FTR,8,8.5,0,921,-,-,0.000
Harutopia ~Utopia of Spring~,FTR,8,8.5,0,1061,-,-,0.000
Axium Crisis,PRS,8,8.5,0,1065,-,-,0.000
Reinvent,FTR,8,8.5,0,852,-,-,0.000
Misdeed -la bonté de Dieu et l'origine du mal-,PRS,8,8.5,0,1070,-,-,0.000
Overwhelm,PRS,8,8.5,0,1038,-,-,0.000
DDD,FTR,8,8.5,0,653,-,-,0.000
Aurgelmir,PRS,8,8.5,0,765,-,-,0.000
Altair (feat. *spiLa*),FTR,8,8.5,0,830,-,-,0.000
LAMIA,PRS,8,8.5,0,885,-,-,0.000
syūten,FTR,8,8.5,0,592,-,-,0.000
To the Furthest Dream,PRS,8,8.5,0,994,-,-,0.000
Innocence,FTR,8,8.5,0,1023,-,-,0.000
ultradiaxon-N3,PRS,8,8.5,0,896,-,-,0.000
Vulcānus,PRS,8,8.5,0,1234,-,-,0.000
And Revive The Melody,PRS,8,8.5,0,1269,-,-,0.000
SATISFACTION,FTR,8,8.5,0,890,-,-,0.000
"Welcome, Queen of Fiction.",PRS,8,8.5,0,832,-,-,0.000
Snow White,FTR,8,8.4,0,978,-,-,0.000
Lumia,FTR,8,8.4,0,961,-,-,0.000
REconstruction,FTR,8,8.4,0,825,-,-,0.000
Moonheart,FTR,8,8.4,0,947,-,-,0.000
Rabbit In The Black Room,FTR,8,8.4,0,772,-,-,0.000
Purgatorium,FTR,8,8.4,0,983,-,-,0.000
Cyaegha,PRS,8,8.4,0,984,-,-,0.000
Ringed Genesis,PRS,8,8.4,0,860,-,-,0.000
Eccentric Tale,FTR,8,8.4,0,732,-,-,0.000
INTERNET OVERDOSE,FTR,8,8.4,0,657,-,-,0.000
FURETE-MITAI,FTR,8,8.4,0,763,-,-,0.000
Breach of Faith,PRS,8,8.4,0,1171,-,-,0.000
DA'AT -The First Seeker of Souls-,PRS,8,8.4,0,1091,-,-,0.000
MEGALOVANIA (Camellia Remix),PRS,8,8.4,0,1161,-,-,0.000
Ladymade Star,FTR,8,8.4,0,636,-,-,0.000
Lilly,PRS,8,8.4,0,1052,-,-,0.000
Shades of Light in a Transcendent Realm,FTR,8,8.3,0,1067,-,-,0.000
Ether Strike,PRS,8,8.3,0,837,-,-,0.000
Bookmaker (2D Version),FTR,8,8.3,0,1124,-,-,0.000
Dot to Dot feat. shully,FTR,8,8.3,0,739,-,-,0.000
Tie me down gently,FTR,8,8.3,0,724,-,-,0.000
IZANA,PRS,8,8.3,0,836,-,-,0.000
Oblivia,FTR,8,8.3,0,956,-,-,0.000
AttraqtiA,PRS,8,8.3,0,1002,-,-,0.000
Ävril -Flicka i krans-,FTR,8,8.3,0,851,-,-,0.000
san skia,FTR,8,8.3,0,1046,-,-,0.000
MIRINAE,PRS,8,8.3,0,881,-,-,0.000
Placebo♥Battler,PRS,8,8.3,0,827,-,-,0.000
I want You,FTR,8,8.3,0,528,-,-,0.000
Dematerialized,ETR,8,8.3,0,790,-,-,0.000
disintegration,FTR,8,8.3,0,605,-,-,0.000
Lucifer,FTR,8,8.2,0,861,-,-,0.000
Genesis (Iris),FTR,8,8.2,0,713,-,-,0.000
One Last Drive,FTR,8,8.2,0,885,-,-,0.000
Halcyon,PRS,8,8.2,0,943,-,-,0.000
Hall of Mirrors,FTR,8,8.2,0,898,-,-,0.000
Dantalion,PRS,8,8.2,0,843,-,-,0.000
1F√,FTR,8,8.2,0,758,-,-,0.000
blue comet,FTR,8,8.2,0,776,-,-,0.000
TEmPTaTiON,PRS,8,8.2,0,768,-,-,0.000
eden,PRS,8,8.2,0,1194,-,-,0.000
Qovat,PRS,8,8.2,0,765,-,-,0.000
Prayer,FTR,8,8.2,0,591,-,-,0.000
LiftOff,FTR,8,8.2,0,660,-,-,0.000
Last Goodbye,FTR,8,8.2,0,727,-,-,0.000
Miles,FTR,8,8.2,0,687,-,-,0.000
I've heard it said,FTR,8,8.1,0,864,-,-,0.000
Hikari,FTR,8,8.1,0,684,-,-,0.000
Diode,FTR,8,8.1,0,709,-,-,0.000
G e n g a o z o,PRS,8,8.1,0,870,-,-,0.000
Live Fast Die Young,PRS,8,8.1,0,837,-,-,0.000
Bullet Waiting for Me (James Landino remix),FTR,8,8.1,0,701,-,-,0.000
Rise of the World,PRS,8,8.1,0,843,-,-,0.000
UNKNOWN LEVELS,PRS,8,8.1,0,771,-,-,0.000
Astral Quantization,PRS,8,8.1,0,943,-,-,0.000
Relentless,FTR,8,8,0,1015,-,-,0.000
γuarδina,PRS,8,8,0,678,-,-,0.000
world.execute(me);,FTR,8,8,0,851,-,-,0.000
Prism,FTR,8,8,0,785,-,-,0.000
Crimson Throne,PRS,8,8,0,1079,-,-,0.000
Désive,PRS,8,8,0,1051,-,-,0.000
Black MInD,PRS,8,8,0,754,-,-,0.000
yomibito_shirazu,PRS,8,8,0,764,-,-,0.000
Dull Blade,PRS,8,8,0,780,-,-,0.000
We're All Gonna Die,PRS,8,8,0,864,-,-,0.000
Rise,FTR,7+,7.8,0,788,-,-,0.000
Dement ~after legend~,FTR,7+,7.8,0,970,-,-,0.000
Infinity Heaven,FTR,7+,7.8,0,853,-,-,0.000
Paradise,FTR,7+,7.8,0,729,-,-,0.000
Party Vinyl,PRS,7+,7.8,0,543,-,-,0.000
Brand new world,FTR,7+,7.8,0,787,-,-,0.000
Moonlight of Sand Castle,FTR,7+,7.8,0,645,-,-,0.000
Clotho and the stargazer,FTR,7+,7.8,0,1021,-,-,0.000
Romance Wars,FTR,7+,7.8,0,641,-,-,0.000
Red and Blue,PRS,7+,7.8,0,597,-,-,0.000
Dream goes on,FTR,7+,7.8,0,719,-,-,0.000
cyanine,PRS,7+,7.8,0,947,-,-,0.000
Singularity,PRS,7+,7.8,0,678,-,-,0.000
carmine:scythe,PRS,7+,7.8,0,710,-,-,0.000
inkar-usi,FTR,7+,7.8,0,463,-,-,0.000
Suomi,FTR,7+,7.8,0,818,-,-,0.000
Tiferet,PRS,7+,7.8,0,720,-,-,0.000
Monochrome Princess,PRS,7+,7.8,0,756,-,-,0.000
Filament,PRS,7+,7.8,0,780,-,-,0.000
BLRINK,PRS,7+,7.8,0,683,-,-,0.000
corps-sans-organes,PRS,7+,7.8,0,615,-,-,0.000
Antagonism,PRS,7+,7.8,0,738,-,-,0.000
Lost Desire,PRS,7+,7.8,0,871,-,-,0.000
Arcahv,PRS,7+,7.8,0,884,-,-,0.000
Malicious Mischance,PRS,7+,7.8,0,706,-,-,0.000
Viyella's Tears,PRS,7+,7.8,0,942,-,-,0.000
ω4,PRS,7+,7.8,0,943,-,-,0.000
7thSense,PRS,7+,7.8,0,739,-,-,0.000
AMAZING MIGHTYYYY!!!!,PRS,7+,7.8,0,776,-,-,0.000
Climax,PRS,7+,7.8,0,988,-,-,0.000
Far Away Light,PRS,7+,7.8,0,769,-,-,0.000
ΟΔΥΣΣΕΙΑ,PRS,7+,7.8,0,909,-,-,0.000
Divine Light of Myriad,PRS,7+,7.8,0,835,-,-,0.000
Mazy Metroplex,PRS,7+,7.8,0,704,-,-,0.000
Sheriruth (Laur Remix),PRS,7+,7.8,0,795,-,-,0.000
First Snow,FTR,7+,7.8,0,578,-,-,0.000
nέo κósmo,PRS,7+,7.8,0,791,-,-,0.000
Lightning Screw,PRS,7+,7.8,0,811,-,-,0.000
Macrocosmic Modulation,PRS,7+,7.8,0,794,-,-,0.000
Kissing Lucifer,PRS,7+,7.8,0,770,-,-,0.000
World Ender,PRS,7+,7.8,0,850,-,-,0.000
Testify,PST,7+,7.8,0,1001,-,-,0.000
Trap Crow,PRS,7+,7.8,0,898,-,-,0.000
PUPA,PRS,7+,7.8,0,684,-,-,0.000
Capella,PRS,7+,7.8,0,904,-,-,0.000
Astra walkthrough,PRS,7+,7.8,0,886,-,-,0.000
[X],PRS,7+,7.8,0,782,-,-,0.000
Manic Jeer,PRS,7+,7.8,0,875,-,-,0.000
IMPACT,PRS,7+,7.8,0,913,-,-,0.000
Spider's Thread,PRS,7+,7.8,0,764,-,-,0.000
Hybris (The one who shattered),PRS,7+,7.8,0,973,-,-,0.000
Devillic Sphere,PRS,7+,7.8,0,692,-,-,0.000
INTERNET YAMERO,PRS,7+,7.8,0,987,-,-,0.000
99 Glooms,PRS,7+,7.8,0,774,-,-,0.000
Magnolia,PRS,7+,7.8,0,726,-,-,0.000
WAIT FOR DAWN,PRS,7+,7.8,0,636,-,-,0.000
RGB,PRS,7+,7.8,0,803,-,-,0.000
Logos,PRS,7+,7.8,0,798,-,-,0.000
XTREME,PRS,7+,7.8,0,831,-,-,0.000
Meta-Mysteria,PRS,7+,7.8,0,905,-,-,0.000
Jingle,FTR,7+,7.8,0,848,-,-,0.000
KYOREN ROMANCE,PRS,7+,7.8,0,982,-,-,0.000
Lethal Voltage,PRS,7+,7.8,0,922,-,-,0.000
Distorted Fate,PRS,7+,7.8,0,890,-,-,0.000
Old School Salvage,PRS,7+,7.8,0,950,-,-,0.000
Twilight Concerto,PRS,7+,7.8,0,634,-,-,0.000
Beautiful Dreamer,PRS,7+,7.8,0,773,-,-,0.000
10pt8ion,PRS,7+,7.8,0,704,-,-,0.000
Ashen 6oundary,PRS,7+,7.8,0,813,-,-,0.000
MVURBD,PRS,7+,7.8,0,1031,-,-,0.000
Rain of Conflict in a Radiant Abyss,PRS,7+,7.8,0,934,-,-,0.000
Spirit of the Dauntless,PRS,7+,7.8,0,957,-,-,0.000
Renegade,PRS,7+,7.8,0,751,-,-,0.000
Don't Fight The Music,PRS,7+,7.8,0,962,-,-,0.000
8-EM,PRS,7+,7.8,0,847,-,-,0.000
Death by Glamour,FTR,7+,7.8,0,610,-,-,0.000
TRPNO,PRS,7+,7.8,0,562,-,-,0.000
τ (tau),PRS,7+,7.8,0,798,-,-,0.000
Nightmare,PRS,7,7.8,0,757,-,-,0.000
Liar,PRS,7+,7.8,0,614,-,-,0.000
Dual Dependency,PRS,7+,7.8,0,784,-,-,0.000
CHAOSBLAST,PRS,7+,7.8,0,1000,-,-,0.000
Sheriruth,PRS,7,7.5,0,832,-,-,0.000
Chronostasis,PRS,7,7.5,0,812,-,-,0.000
αterlβus,PRS,7,7.5,0,668,-,-,0.000
Modelista,PRS,7,7.5,0,691,-,-,0.000
conflict,PRS,7,7.5,0,731,-,-,0.000
Be There,PRS,7,7.5,0,792,-,-,0.000
Fallensquare,PRS,7,7.5,0,486,-,-,0.000
Alexandrite,PRS,7,7.5,0,699,-,-,0.000
ouroboros -twin stroke of the end-,PRS,7,7.5,0,832,-,-,0.000
Black Territory,PRS,7,7.5,0,785,-,-,0.000
Vicious Heroism,PRS,7,7.5,0,756,-,-,0.000
Ikazuchi,PRS,7,7.5,0,976,-,-,0.000
Heavensdoor,PRS,7,7.5,0,869,-,-,0.000
A Wandering Melody of Love,PRS,7,7.5,0,670,-,-,0.000
Valhalla:0,PRS,7,7.5,0,893,-,-,0.000
Mirzam,PRS,7,7.5,0,885,-,-,0.000
Heavenly caress,PRS,7,7.5,0,909,-,-,0.000
amygdata,PRS,7,7.5,0,711,-,-,0.000
Scarlet Cage,PRS,7,7.5,0,711,-,-,0.000
Xeraphinite,PRS,7,7.5,0,643,-,-,0.000
Xanatos,PRS,7,7.5,0,938,-,-,0.000
Felis,PRS,7,7.5,0,624,-,-,0.000
Purple Verse,PRS,7,7.5,0,664,-,-,0.000
To: Alice Liddell,PRS,7,7.5,0,674,-,-,0.000
Glow,PRS,7,7.5,0,666,-,-,0.000
GIMME DA BLOOD,PRS,7,7.5,0,737,-,-,0.000
Seclusion,PRS,7,7.5,0,762,-,-,0.000
lastendconductor,PRS,7,7.5,0,901,-,-,0.000
Redolent Shape,PRS,7,7.5,0,717,-,-,0.000
init(),PRS,7,7.5,0,957,-,-,0.000
NULCTRL,PRS,7,7.5,0,410,-,-,0.000
NEO WINGS,PRS,7,7.5,0,840,-,-,0.000
µ,PRS,7,7.5,0,986,-,-,0.000
"Infinite Strife,",PRS,7,7.5,0,1081,-,-,0.000
Callima Karma,PRS,7,7.5,0,989,-,-,0.000
"Good bye, Merry-Go-Round.",PRS,7,7.5,0,696,-,-,0.000
Free Myself,PRS,7,7.5,0,785,-,-,0.000
Trrricksters!!,PRS,7,7.5,0,784,-,-,0.000
CHAOS,PRS,7,7.5,0,848,-,-,0.000
SACRIFICE feat. ayame,PRS,7,7.5,0,779,-,-,0.000
Primeval Texture,PRS,7,7.5,0,525,-,-,0.000
Arghena,PST,7,7.5,0,883,-,-,0.000
Dynitikós,PRS,7,7.5,0,894,-,-,0.000
Amekagura,PRS,7,7.5,0,851,-,-,0.000
Ouvertüre,PRS,7,7.5,0,786,-,-,0.000
Wish Upon a Snow,PRS,7,7.5,0,1095,-,-,0.000
LIVHT MY WΔY,PRS,7,7.5,0,738,-,-,0.000
Kanbu de Tomatte Sugu Tokeru,PRS,7,7.5,0,714,-,-,0.000
HELLOHELL,FTR,7,7.5,0,673,-,-,0.000
Awaken In Ruins,PRS,7,7.5,0,570,-,-,0.000
Hidden Rainbows of Epicurus,FTR,7,7.5,0,783,-,-,0.000
HYPER VISION,PRS,7,7.5,0,839,-,-,0.000
Dies irae,PRS,7,7.5,0,802,-,-,0.000
Rays of Remnant,PRS,7,7.5,0,766,-,-,0.000
Swan Song,PRS,7,7.5,0,719,-,-,0.000
Designant.,PST,7,7.5,0,1055,-,-,0.000
SUPER AMBULANCE,PRS,7,7.5,0,971,-,-,0.000
Straight into the lights,PRS,7,7.5,0,714,-,-,0.000
Heartache,FTR,7,7.5,0,803,-,-,0.000
MEGALOVANIA,PRS,7,7.5,0,969,-,-,0.000
Shinchoku Doudesuka?,PRS,7,7.5,0,743,-,-,0.000
Tic! Tac! Toe!,PRS,7,7.5,0,505,-,-,0.000
BlythE,PRS,7,7.5,0,729,-,-,0.000
Syriana,PRS,7,7.5,0,516,-,-,0.000
Dematerialized,FTR,7,7.5,0,722,-,-,0.000
incomplete the one,PRS,7,7.5,0,848,-,-,0.000
Fairytale,FTR,7,7,0,782,-,-,0.000
Sayonara Hatsukoi,FTR,7,7,0,666,-,-,0.000
Vexaria,FTR,7,7,0,734,-,-,0.000
Lost Civilization,PRS,7,7,0,690,-,-,0.000
Essence of Twilight,PRS,7,7,0,767,-,-,0.000
qualia -ideaesthesia-,PRS,7,7,0,875,-,-,0.000
Nirv lucE,PRS,7,7,0,547,-,-,0.000
CROSS†SOUL,PRS,7,7,0,823,-,-,0.000
DataErr0r,PRS,7,7,0,785,-,-,0.000
Evoltex (poppi'n mix),PRS,7,7,0,627,-,-,0.000
Blossoms,FTR,7,7,0,655,-,-,0.000
Iconoclast,PRS,7,7,0,593,-,-,0.000
Dreamin' Attraction!!,PRS,7,7,0,785,-,-,0.000
Yosakura Fubuki,PRS,7,7,0,582,-,-,0.000
Metallic Punisher,PRS,7,7,0,846,-,-,0.000
Blaster,PRS,7,7,0,635,-,-,0.000
next to you,PRS,7,7,0,583,-,-,0.000
Cybernecia Catharsis,PRS,7,7,0,655,-,-,0.000
Illegal Paradise,PRS,7,7,0,585,-,-,0.000
Astral tale,PRS,7,7,0,642,-,-,0.000
Scarlet Lance,PRS,7,7,0,644,-,-,0.000
Solitary Dream,PRS,7,7,0,854,-,-,0.000
ReviXy,PRS,7,7,0,729,-,-,0.000
VECTOЯ,PRS,7,7,0,1002,-,-,0.000
Dreadnought,PRS,7,7,0,897,-,-,0.000
GLORY: ROAD,PRS,7,7,0,999,-,-,0.000
FREEF4LL,PRS,7,7,0,782,-,-,0.000
Einherjar Joker,PRS,7,7,0,767,-,-,0.000
Tempestissimo,PST,7,7,0,919,-,-,0.000
BADTEK,PRS,7,7,0,595,-,-,0.000
Löschen,PRS,7,7,0,850,-,-,0.000
Vandalism,PRS,7,7,0,685,-,-,0.000
THE ULTIMACY,PRS,7,7,0,919,-,-,0.000
Evening in Scarlet,PRS,7,7,0,638,-,-,0.000
ENERGY SYNERGY MATRIX,PRS,7,7,0,608,-,-,0.000
Haze of Autumn,PRS,7,7,0,733,-,-,0.000
Medusa,PRS,7,7,0,645,-,-,0.000
Head BONK ache,PRS,7,7,0,725,-,-,0.000
Protoflicker,PRS,7,7,0,633,-,-,0.000
Stasis,PRS,7,7,0,935,-,-,0.000
Pentiment,PST,7,7,0,911,-,-,0.000
Last,PRS,7,7,0,781,-,-,0.000
cocoro*cosmetic,PRS,7,7,0,687,-,-,0.000
MANTIS (Arcaea Ultra-Bloodrush VIP),PRS,7,7,0,760,-,-,0.000
World Fragments III(radio edit),PRS,7,7,0,999,-,-,0.000
Let's Rock (Arcaea mix),PRS,7,7,0,963,-,-,0.000
Genesis (Morrigan feat. Lily),PRS,7,7,0,838,-,-,0.000
Lost Emotion feat. nomico,PRS,7,7,0,780,-,-,0.000
New York Back Raise,PRS,7,7,0,803,-,-,0.000
DRG,PRS,7,7,0,624,-,-,0.000
Raven's Pride,PRS,7,7,0,797,-,-,0.000
Technicolour,PRS,7,7,0,812,-,-,0.000
Remind the Souls (Short Version),PRS,7,7,0,756,-,-,0.000
B.B.K.K.B.K.K.,PRS,7,7,0,708,-,-,0.000
Transient Space,PRS,7,7,0,607,-,-,0.000
Nameless Passion,PRS,7,7,0,890,-,-,0.000
FANTA5Y,PRS,7,7,0,715,-,-,0.000
On And On!! feat. Jenga,PRS,7,7,0,616,-,-,0.000
Hotarubi no Yuki,PRS,7,7,0,733,-,-,0.000
Floating World,PRS,7,7,0,793,-,-,0.000
Chromafill,PRS,7,7,0,890,-,-,0.000
Hypnotize,PRS,7,7,0,761,-,-,0.000
shrink,PRS,7,7,0,660,-,-,0.000
Inverted World,PRS,7,7,0,646,-,-,0.000
Hailstone,PRS,7,7,0,651,-,-,0.000
Third Sun,PRS,7,7,0,702,-,-,0.000
OBLIVION,PRS,7,7,0,527,-,-,0.000
Don't Die,PRS,7,7,0,565,-,-,0.000
Scarlet Lunar Empress,PRS,7,7,0,698,-,-,0.000
Babaroque,PRS,6,6.5,0,645,-,-,0.000
GOODTEK (Arcaea Edit),PRS,6,6.5,0,632,-,-,0.000
Relentless,PRS,6,6.5,0,722,-,-,0.000
Anökumene,PRS,6,6.5,0,588,-,-,0.000
Your voice so... feat. Such,PRS,6,6.5,0,677,-,-,0.000
Ignotus,PRS,6,6.5,0,809,-,-,0.000
Lethaeus,PRS,6,6.5,0,717,-,-,0.000
Auxesia,PRS,6,6.5,0,648,-,-,0.000
SOUNDWiTCH,PRS,6,6.5,0,488,-,-,0.000
Grievous Lady,PST,6,6.5,0,956,-,-,0.000
Surrender,PRS,6,6.5,0,721,-,-,0.000
Reinvent,PRS,6,6.5,0,703,-,-,0.000
Syro,PRS,6,6.5,0,829,-,-,0.000
Quon (Feryquitous),PRS,6,6.5,0,718,-,-,0.000
Specta,PRS,6,6.5,0,706,-,-,0.000
The Message,PRS,6,6.5,0,630,-,-,0.000
Bookmaker (2D Version),PRS,6,6.5,0,728,-,-,0.000
Nhelv,PRS,6,6.5,0,913,-,-,0.000
STAGER (ALL STAGE CLEAR),PRS,6,6.5,0,559,-,-,0.000
Linear Accelerator,PRS,6,6.5,0,488,-,-,0.000
Empire of Winter,PRS,6,6.5,0,662,-,-,0.000
OMAKENO Stroke,PRS,6,6.5,0,616,-,-,0.000
Corruption,PRS,6,6.5,0,847,-,-,0.000
Garakuta Doll Play,PRS,6,6.5,0,572,-,-,0.000
Vindication,PRS,6,6.5,0,899,-,-,0.000
AI[UE]OON,PRS,6,6.5,0,623,-,-,0.000
Avant Raze,PRS,6,6.5,0,727,-,-,0.000
BATTLE NO.1,PRS,6,6.5,0,677,-,-,0.000
La'qryma of the Wasteland,PRS,6,6.5,0,651,-,-,0.000
Equilibrium,PRS,6,6.5,0,724,-,-,0.000
1F√,PRS,6,6.5,0,539,-,-,0.000
Gekka (Short Version),PRS,6,6.5,0,628,-,-,0.000
Black Lotus,PRS,6,6.5,0,687,-,-,0.000
Feels So Right feat. Renko,PRS,6,6.5,0,636,-,-,0.000
Teriqma,PRS,6,6.5,0,579,-,-,0.000
MAHOROBA,PRS,6,6.5,0,632,-,-,0.000
Got hive of Ra,PRS,6,6.5,0,509,-,-,0.000
CROSS†OVER,PRS,6,6.5,0,810,-,-,0.000
Alice à la mode,PRS,6,6.5,0,618,-,-,0.000
Dazzle hop,PRS,6,6.5,0,571,-,-,0.000
Oshama Scramble!,PRS,6,6.5,0,568,-,-,0.000
Last Celebration,PRS,6,6.5,0,994,-,-,0.000
Bamboo,PRS,6,6.5,0,631,-,-,0.000
Can I Friend You on Bassbook? Lol,PRS,6,6.5,0,548,-,-,0.000
Crystal Gravity,PRS,6,6.5,0,653,-,-,0.000
Small Cloud Sugar Candy,PRS,6,6.5,0,727,-,-,0.000
False Embellishment,PRS,6,6.5,0,684,-,-,0.000
Let you DIVE! (nitro rmx),PRS,6,6.5,0,819,-,-,0.000
with U,PRS,6,6.5,0,649,-,-,0.000
goldenslaughterer,PRS,6,6.5,0,880,-,-,0.000
Summer Fireworks of Love,PRS,6,6.5,0,641,-,-,0.000
Blocked Library,PRS,6,6.5,0,622,-,-,0.000
Final Step!,PRS,6,6.5,0,684,-,-,0.000
Sakura Fubuki,PRS,6,6.5,0,571,-,-,0.000
INTERNET OVERDOSE,PRS,6,6.5,0,578,-,-,0.000
DDD,PRS,6,6.5,0,484,-,-,0.000
Defection,PRS,6,6.5,0,800,-,-,0.000
Redraw the Colorless World,PRS,6,6.5,0,680,-,-,0.000
Loveless Dress,PRS,6,6.5,0,630,-,-,0.000
Ai Drew,PRS,6,6.5,0,732,-,-,0.000
FLUFFY FLASH,PRS,6,6.5,0,946,-,-,0.000
MAXRAGE,PRS,6,6.5,0,760,-,-,0.000
"Hiiro Gekka, Kyoushou no Zetsu (nayuta 2017 ver.)",PRS,6,6.5,0,709,-,-,0.000
GIMMICK,PRS,6,6.5,0,598,-,-,0.000
The Survivor (Game Edit),PRS,6,6.5,0,750,-,-,0.000
Galactic Love,PRS,6,6.5,0,694,-,-,0.000
Lost in the Abyss,PRS,6,6.5,0,908,-,-,0.000
Used to be,PRS,6,6.5,0,675,-,-,0.000
Ultimate taste,PRS,6,6.5,0,1008,-,-,0.000
Kanjou no Matenrou ~Arr.Demetori,PRS,6,6.5,0,929,-,-,0.000
Stratoliner,PRS,6,6.5,0,702,-,-,0.000
Alone & Lorn,PRS,6,6.5,0,742,-,-,0.000
felys final remix,PRS,6,6.5,0,771,-,-,0.000
Innocence,PRS,6,6.5,0,811,-,-,0.000
Masquerade Legion,PRS,6,6.5,0,698,-,-,0.000
MORNINGLOOM,PRS,6,6.5,0,829,-,-,0.000
〇、,PRS,6,6.5,0,519,-,-,0.000
"Sign of ""10.5km""",PRS,6,6.5,0,564,-,-,0.000
In Vain,PRS,6,6.5,0,677,-,-,0.000
ALTER EGO,PST,6,6.5,0,865,-,-,0.000
Distortion Human,PRS,6,6.5,0,841,-,-,0.000
Dual Doom Deathmatch,PRS,6,6.5,0,830,-,-,0.000
Gensou no Satellite,PRS,6,6.5,0,783,-,-,0.000
Lament Rain,PST,6,6.5,0,1025,-,-,0.000
LiftOff,PRS,6,6.5,0,500,-,-,0.000
BlazinG AIR,PRS,6,6.5,0,571,-,-,0.000
Last Goodbye,PRS,6,6.5,0,605,-,-,0.000
Your Best Nightmare,PRS,6,6.5,0,925,-,-,0.000
Black Mirror on the Wall,PRS,6,6.5,0,613,-,-,0.000
Ladymade Star,PRS,6,6.5,0,491,-,-,0.000
U.A.D,PRS,6,6.5,0,526,-,-,0.000
Won't Back Down,PRS,6,6.5,0,551,-,-,0.000
SATISFACTION,PRS,6,6.5,0,738,-,-,0.000
Miles,PRS,6,6.5,0,548,-,-,0.000
See the Lights!,PRS,6,6.5,0,582,-,-,0.000
Extradimensional Cosmic Phenomenon,PST,6,6.5,0,1011,-,-,0.000
Factorder,PRS,6,6.5,0,663,-,-,0.000
disintegration,PRS,6,6.5,0,466,-,-,0.000
Shades of Light in a Transcendent Realm,PRS,6,6,0,789,-,-,0.000
I've heard it said,PRS,6,6,0,664,-,-,0.000
cry of viyella,PRS,6,6,0,492,-,-,0.000
Dement ~after legend~,PRS,6,6,0,756,-,-,0.000
Dandelion,PRS,6,6,0,698,-,-,0.000
Flyburg and Endroll,PRS,6,6,0,650,-,-,0.000
REconstruction,PRS,6,6,0,469,-,-,0.000
trappola bewitching,PRS,6,6,0,541,-,-,0.000
Journey,PRS,6,6,0,778,-,-,0.000
Memory Forest,PRS,6,6,0,726,-,-,0.000
Call My Name feat. Yukacco,PRS,6,6,0,653,-,-,0.000
Sulfur,PRS,6,6,0,608,-,-,0.000
Fracture Ray,PST,6,6,0,983,-,-,0.000
LunarOrbit -believe in the Espebranch road-,PRS,6,6,0,757,-,-,0.000
Purgatorium,PRS,6,6,0,641,-,-,0.000
Hikari,PRS,6,6,0,450,-,-,0.000
Rugie,PRS,6,6,0,754,-,-,0.000
DX Choseinou Full Metal Shojo,PRS,6,6,0,556,-,-,0.000
SUPERNOVA,PRS,6,6,0,564,-,-,0.000
Dot to Dot feat. shully,PRS,6,6,0,522,-,-,0.000
Chelsea,PRS,6,6,0,503,-,-,0.000
Faint Light (Arcaea Edit),PRS,6,6,0,711,-,-,0.000
Galaxy Friends,PRS,6,6,0,572,-,-,0.000
Lapis,PRS,6,6,0,520,-,-,0.000
Alice's Suitcase,PRS,6,6,0,660,-,-,0.000
Jump,PRS,6,6,0,622,-,-,0.000
Beside You,PRS,6,6,0,634,-,-,0.000
Lazy Addiction,PRS,6,6,0,647,-,-,0.000
Life is PIANO,PRS,6,6,0,437,-,-,0.000
Coastal Highway,PRS,6,6,0,479,-,-,0.000
Turbocharger,PRS,6,6,0,659,-,-,0.000
AlterAle,PRS,6,6,0,881,-,-,0.000
Quon (DJ Noriken),PRS,6,6,0,496,-,-,0.000
Ascent,PRS,6,6,0,626,-,-,0.000
Blue Rose,PRS,6,6,0,669,-,-,0.000
Lights of Muse,PRS,6,6,0,438,-,-,0.000
Ävril -Flicka i krans-,PRS,6,6,0,607,-,-,0.000
Dancin' on a Cat's Paw,PRS,6,6,0,593,-,-,0.000
PICO-Pico-Translation!,PRS,6,6,0,723,-,-,0.000
san skia,PRS,6,6,0,783,-,-,0.000
Altair (feat. *spiLa*),PRS,6,6,0,828,-,-,0.000
Dialnote,PRS,6,6,0,548,-,-,0.000
"Tsuki ni Murakumo, Hana ni Kaze",PRS,6,6,0,610,-,-,0.000
Cosmo Pop Funclub,PRS,6,6,0,591,-,-,0.000
Lawless Point,PRS,6,6,0,630,-,-,0.000
The Formula,PRS,6,6,0,587,-,-,0.000
Luna Rossa,PRS,6,6,0,578,-,-,0.000
IONOSTREAM,PRS,6,6,0,890,-,-,0.000
STARGATE EXTREME,PRS,6,6,0,430,-,-,0.000
epitaxy,PRS,6,6,0,939,-,-,0.000
Saint or Sinner,PRS,6,6,0,563,-,-,0.000
FURETE-MITAI,PRS,6,6,0,523,-,-,0.000
Crimson Quartz,PRS,6,6,0,615,-,-,0.000
astral.exe,PRS,6,6,0,734,-,-,0.000
Ignition,PRS,6,6,0,621,-,-,0.000
Aether Crest: Astral,PST,6,6,0,921,-,-,0.000
Someday,PRS,6,6,0,477,-,-,0.000
Lucifer,PRS,5,5.5,0,506,-,-,0.000
Lumia,PRS,5,5.5,0,438,-,-,0.000
memoryfactory.lzh,PRS,5,5.5,0,448,-,-,0.000
Sheriruth,PST,5,5.5,0,611,-,-,0.000
Infinity Heaven,PRS,5,5.5,0,545,-,-,0.000
Kanagawa Cyber Culvert,PRS,5,5.5,0,707,-,-,0.000
Oracle,PRS,5,5.5,0,508,-,-,0.000
Impure Bird,PRS,5,5.5,0,518,-,-,0.000
Genesis (Iris),PRS,5,5.5,0,399,-,-,0.000
Moonheart,PRS,5,5.5,0,566,-,-,0.000
Rabbit In The Black Room,PRS,5,5.5,0,467,-,-,0.000
Axium Crisis,PST,5,5.5,0,685,-,-,0.000
One Last Drive,PRS,5,5.5,0,564,-,-,0.000
Halcyon,PST,5,5.5,0,662,-,-,0.000
Ether Strike,PST,5,5.5,0,659,-,-,0.000
Hall of Mirrors,PRS,5,5.5,0,553,-,-,0.000
Phantasia,PRS,5,5.5,0,579,-,-,0.000
MERLIN,PRS,5,5.5,0,428,-,-,0.000
Libertas,PRS,5,5.5,0,514,-,-,0.000
Cyaegha,PST,5,5.5,0,760,-,-,0.000
World Vanquisher,PRS,5,5.5,0,759,-,-,0.000
Ringed Genesis,PST,5,5.5,0,672,-,-,0.000
Tie me down gently,PRS,5,5.5,0,535,-,-,0.000
Diode,PRS,5,5.5,0,472,-,-,0.000
Senkyou,PRS,5,5.5,0,722,-,-,0.000
SAIKYO STRONGER,PST,5,5.5,0,654,-,-,0.000
#1f1e33,PST,5,5.5,0,765,-,-,0.000
Give Me a Nightmare,PRS,5,5.5,0,817,-,-,0.000
Altale,PRS,5,5.5,0,424,-,-,0.000
Eccentric Tale,PRS,5,5.5,0,483,-,-,0.000
Heart Jackin',PRS,5,5.5,0,543,-,-,0.000
April showers,PRS,5,5.5,0,544,-,-,0.000
Misdeed -la bonté de Dieu et l'origine du mal-,PST,5,5.5,0,814,-,-,0.000
Aegleseeker,PST,5,5.5,0,973,-,-,0.000
Arcana Eden,PST,5,5.5,0,1097,-,-,0.000
PRIMITIVE LIGHTS,PST,5,5.5,0,785,-,-,0.000
CHAOS,PST,5,5.5,0,646,-,-,0.000
Abstruse Dilemma,PST,5,5.5,0,983,-,-,0.000
Ego Eimi,PST,5,5.5,0,801,-,-,0.000
Jingle,PRS,5,5.5,0,741,-,-,0.000
Aleph-0,PST,5,5.5,0,388,-,-,0.000
Leave All Behind,PRS,5,5.5,0,488,-,-,0.000
Hidden Rainbows of Epicurus,PRS,5,5.5,0,644,-,-,0.000
Judgement,PST,5,5.5,0,844,-,-,0.000
Waltz for Lorelei,PRS,5,5.5,0,814,-,-,0.000
Vulcānus,PST,5,5.5,0,968,-,-,0.000
Prayer,PRS,5,5.5,0,479,-,-,0.000
Breach of Faith,PST,5,5.5,0,986,-,-,0.000
And Revive The Melody,PST,5,5.5,0,962,-,-,0.000
DA'AT -The First Seeker of Souls-,PST,5,5.5,0,921,-,-,0.000
ViRTUS,PST,5,5.5,0,877,-,-,0.000
MEGALOVANIA (Camellia Remix),PST,5,5.5,0,946,-,-,0.000
Placebo♥Battler,PST,5,5.5,0,597,-,-,0.000
End of The Moonlight,PRS,5,5.5,0,434,-,-,0.000
I want You,PRS,5,5.5,0,395,-,-,0.000
We're All Gonna Die,PST,5,5.5,0,733,-,-,0.000
AlterGate,PST,5,5.5,0,774,-,-,0.000
Vexaria,PRS,5,5,0,534,-,-,0.000
Snow White,PRS,5,5,0,672,-,-,0.000
Flashback,PRS,5,5,0,488,-,-,0.000
Moonlight of Sand Castle,PRS,5,5,0,394,-,-,0.000
Clotho and the stargazer,PRS,5,5,0,745,-,-,0.000
Dream goes on,PRS,5,5,0,751,-,-,0.000
Silent Rush,PRS,5,5,0,674,-,-,0.000
Strongholds,PRS,5,5,0,778,-,-,0.000
Suomi,PRS,5,5,0,550,-,-,0.000
Antithese,PRS,5,5,0,826,-,-,0.000
Grimheart,PRS,5,5,0,699,-,-,0.000
IZANA,PST,5,5,0,609,-,-,0.000
world.execute(me);,PRS,5,5,0,582,-,-,0.000
Oblivia,PRS,5,5,0,517,-,-,0.000
Dantalion,PST,5,5,0,731,-,-,0.000
Vivid Theory,PRS,5,5,0,658,-,-,0.000
BUCHiGiRE Berserker,PST,5,5,0,850,-,-,0.000
Paper Witch,PRS,5,5,0,487,-,-,0.000
Overwhelm,PST,5,5,0,854,-,-,0.000
REKKA RESONANCE,PST,5,5,0,860,-,-,0.000
blue comet,PRS,5,5,0,645,-,-,0.000
Cosmica,PRS,5,5,0,566,-,-,0.000
Prism,PRS,5,5,0,544,-,-,0.000
Heart,PRS,5,5,0,575,-,-,0.000
LAMIA,PST,5,5,0,826,-,-,0.000
Chronicle,PST,5,5,0,928,-,-,0.000
CYCLES,PRS,5,5,0,430,-,-,0.000
TEmPTaTiON,PST,5,5,0,627,-,-,0.000
To the Milky Way,PST,5,5,0,928,-,-,0.000
syūten,PRS,5,5,0,446,-,-,0.000
͟͝͞Ⅱ́̕,PST,5,5,0,690,-,-,0.000
TeraVolt,PST,5,5,0,675,-,-,0.000
Meta-Mysteria,PST,5,5,0,844,-,-,0.000
HELLOHELL,PRS,5,5,0,445,-,-,0.000
Désive,PST,5,5,0,1007,-,-,0.000
Back to Basics,PST,5,5,0,717,-,-,0.000
Black MInD,PST,5,5,0,601,-,-,0.000
Rain of Conflict in a Radiant Abyss,PST,5,5,0,831,-,-,0.000
Astral Quantization,PST,5,5,0,782,-,-,0.000
Death by Glamour,PRS,5,5,0,470,-,-,0.000
Lilly,PST,5,5,0,865,-,-,0.000
"Welcome, Queen of Fiction.",PST,5,5,0,610,-,-,0.000
Sayonara Hatsukoi,PRS,4,4.5,0,305,-,-,0.000
Relentless,PST,4,4.5,0,607,-,-,0.000
Essence of Twilight,PST,4,4.5,0,556,-,-,0.000
PRAGMATISM,PST,4,4.5,0,476,-,-,0.000
qualia -ideaesthesia-,PST,4,4.5,0,550,-,-,0.000
Harutopia ~Utopia of Spring~,PRS,4,4.5,0,706,-,-,0.000
conflict,PST,4,4.5,0,520,-,-,0.000
Dreamin' Attraction!!,PST,4,4.5,0,592,-,-,0.000
Yosakura Fubuki,PST,4,4.5,0,416,-,-,0.000
next to you,PST,4,4.5,0,454,-,-,0.000
Singularity,PST,4,4.5,0,534,-,-,0.000
Bookmaker (2D Version),PST,4,4.5,0,538,-,-,0.000
Alexandrite,PST,4,4.5,0,507,-,-,0.000
Tiferet,PST,4,4.5,0,450,-,-,0.000
Astral tale,PST,4,4.5,0,445,-,-,0.000
ouroboros -twin stroke of the end-,PST,4,4.5,0,575,-,-,0.000
Garakuta Doll Play,PST,4,4.5,0,444,-,-,0.000
Heavensdoor,PST,4,4.5,0,766,-,-,0.000
Valhalla:0,PST,4,4.5,0,624,-,-,0.000
GLORY: ROAD,PST,4,4.5,0,868,-,-,0.000
Monochrome Princess,PST,4,4.5,0,621,-,-,0.000
Filament,PST,4,4.5,0,582,-,-,0.000
corps-sans-organes,PST,4,4.5,0,438,-,-,0.000
Antagonism,PST,4,4.5,0,431,-,-,0.000
Arcahv,PST,4,4.5,0,818,-,-,0.000
AMAZING MIGHTYYYY!!!!,PST,4,4.5,0,624,-,-,0.000
Climax,PST,4,4.5,0,773,-,-,0.000
enchanted love,PRS,4,4.5,0,617,-,-,0.000
Far Away Light,PST,4,4.5,0,656,-,-,0.000
Divine Light of Myriad,PST,4,4.5,0,798,-,-,0.000
GENOCIDER,PST,4,4.5,0,832,-,-,0.000
Redolent Shape,PST,4,4.5,0,570,-,-,0.000
Live Fast Die Young,PST,4,4.5,0,565,-,-,0.000
First Snow,PRS,4,4.5,0,442,-,-,0.000
Lightning Screw,PST,4,4.5,0,611,-,-,0.000
Medusa,PST,4,4.5,0,550,-,-,0.000
Kissing Lucifer,PST,4,4.5,0,639,-,-,0.000
Aurgelmir,PST,4,4.5,0,540,-,-,0.000
Stasis,PST,4,4.5,0,848,-,-,0.000
Trap Crow,PST,4,4.5,0,876,-,-,0.000
"Good bye, Merry-Go-Round.",PST,4,4.5,0,679,-,-,0.000
Free Myself,PST,4,4.5,0,662,-,-,0.000
Capella,PST,4,4.5,0,884,-,-,0.000
Astra walkthrough,PST,4,4.5,0,769,-,-,0.000
NULL APOPHENIA,PST,4,4.5,0,990,-,-,0.000
[X],PST,4,4.5,0,594,-,-,0.000
Trrricksters!!,PST,4,4.5,0,561,-,-,0.000
Spider's Thread,PST,4,4.5,0,794,-,-,0.000
New York Back Raise,PST,4,4.5,0,762,-,-,0.000
Hybris (The one who shattered),PST,4,4.5,0,757,-,-,0.000
Bullet Waiting for Me (James Landino remix),PRS,4,4.5,0,390,-,-,0.000
Lucid Traveler,PST,4,4.5,0,634,-,-,0.000
INTERNET YAMERO,PST,4,4.5,0,677,-,-,0.000
Magnolia,PST,4,4.5,0,625,-,-,0.000
Rise of the World,PST,4,4.5,0,722,-,-,0.000
To the Furthest Dream,PST,4,4.5,0,836,-,-,0.000
B.B.K.K.B.K.K.,PST,4,4.5,0,669,-,-,0.000
eden,PST,4,4.5,0,826,-,-,0.000
XTREME,PST,4,4.5,0,752,-,-,0.000
Wish Upon a Snow,PST,4,4.5,0,1031,-,-,0.000
LIVHT MY WΔY,PST,4,4.5,0,673,-,-,0.000
Qovat,PST,4,4.5,0,519,-,-,0.000
Lethal Voltage,PST,4,4.5,0,724,-,-,0.000
MIRINAE,PST,4,4.5,0,646,-,-,0.000
ultradiaxon-N3,PST,4,4.5,0,605,-,-,0.000
Distorted Fate,PST,4,4.5,0,756,-,-,0.000
Twilight Concerto,PST,4,4.5,0,584,-,-,0.000
HYPER VISION,PST,4,4.5,0,639,-,-,0.000
Ashen 6oundary,PST,4,4.5,0,702,-,-,0.000
MVURBD,PST,4,4.5,0,999,-,-,0.000
Dies irae,PST,4,4.5,0,632,-,-,0.000
Spirit of the Dauntless,PST,4,4.5,0,693,-,-,0.000
Renegade,PST,4,4.5,0,655,-,-,0.000
Rays of Remnant,PST,4,4.5,0,710,-,-,0.000
Don't Fight The Music,PST,4,4.5,0,757,-,-,0.000
SUPER AMBULANCE,PST,4,4.5,0,740,-,-,0.000
8-EM,PST,4,4.5,0,557,-,-,0.000
yomibito_shirazu,PST,4,4.5,0,641,-,-,0.000
Heartache,PRS,4,4.5,0,687,-,-,0.000
MEGALOVANIA,PST,4,4.5,0,906,-,-,0.000
TRPNO,PST,4,4.5,0,451,-,-,0.000
τ (tau),PST,4,4.5,0,553,-,-,0.000
Dull Blade,PST,4,4.5,0,579,-,-,0.000
Nightmare,PST,4,4.5,0,680,-,-,0.000
Syriana,PST,4,4.5,0,490,-,-,0.000
Liar,PST,4,4.5,0,461,-,-,0.000
Dual Dependency,PST,4,4.5,0,607,-,-,0.000
Dematerialized,PRS,4,4.5,0,659,-,-,0.000
CHAOSBLAST,PST,4,4.5,0,786,-,-,0.000
Rise,PRS,4,4,0,599,-,-,0.000
GOODTEK (Arcaea Edit),PST,4,4,0,449,-,-,0.000
Lost Civilization,PST,4,4,0,462,-,-,0.000
Paradise,PRS,4,4,0,349,-,-,0.000
Party Vinyl,PST,4,4,0,337,-,-,0.000
Brand new world,PRS,4,4,0,432,-,-,0.000
CROSS†SOUL,PST,4,4,0,606,-,-,0.000
αterlβus,PST,4,4,0,505,-,-,0.000
Blossoms,PRS,4,4,0,383,-,-,0.000
Romance Wars,PRS,4,4,0,378,-,-,0.000
Iconoclast,PST,4,4,0,443,-,-,0.000
Red and Blue,PST,4,4,0,464,-,-,0.000
Quon (Feryquitous),PST,4,4,0,547,-,-,0.000
cyanine,PST,4,4,0,661,-,-,0.000
Blaster,PST,4,4,0,571,-,-,0.000
carmine:scythe,PST,4,4,0,493,-,-,0.000
γuarδina,PST,4,4,0,507,-,-,0.000
Cybernecia Catharsis,PST,4,4,0,377,-,-,0.000
Be There,PST,4,4,0,592,-,-,0.000
inkar-usi,PRS,4,4,0,326,-,-,0.000
Sulfur,PST,4,4,0,458,-,-,0.000
Phantasia,PST,4,4,0,544,-,-,0.000
Scarlet Lance,PST,4,4,0,517,-,-,0.000
Solitary Dream,PST,4,4,0,712,-,-,0.000
Vicious Heroism,PST,4,4,0,430,-,-,0.000
Vindication,PST,4,4,0,721,-,-,0.000
Dreadnought,PST,4,4,0,715,-,-,0.000
Mirzam,PST,4,4,0,662,-,-,0.000
FREEF4LL,PST,4,4,0,589,-,-,0.000
Einherjar Joker,PST,4,4,0,582,-,-,0.000
amygdata,PST,4,4,0,504,-,-,0.000
Lost Desire,PST,4,4,0,684,-,-,0.000
Gekka (Short Version),PST,4,4,0,559,-,-,0.000
Scarlet Cage,PST,4,4,0,570,-,-,0.000
BADTEK,PST,4,4,0,532,-,-,0.000
Malicious Mischance,PST,4,4,0,510,-,-,0.000
CROSS†OVER,PST,4,4,0,653,-,-,0.000
Xanatos,PST,4,4,0,735,-,-,0.000
Jump,PST,4,4,0,531,-,-,0.000
Felis,PST,4,4,0,463,-,-,0.000
Purple Verse,PST,4,4,0,558,-,-,0.000
To: Alice Liddell,PST,4,4,0,535,-,-,0.000
Viyella's Tears,PST,4,4,0,716,-,-,0.000
AttraqtiA,PST,4,4,0,732,-,-,0.000
Glow,PST,4,4,0,504,-,-,0.000
ΟΔΥΣΣΕΙΑ,PST,4,4,0,717,-,-,0.000
Seclusion,PST,4,4,0,544,-,-,0.000
HIVEMIND,PST,4,4,0,995,-,-,0.000
Sheriruth (Laur Remix),PST,4,4,0,671,-,-,0.000
Evening in Scarlet,PST,4,4,0,530,-,-,0.000
G e n g a o z o,PST,4,4,0,580,-,-,0.000
goldenslaughterer,PST,4,4,0,864,-,-,0.000
nέo κósmo,PST,4,4,0,603,-,-,0.000
init(),PST,4,4,0,713,-,-,0.000
Macrocosmic Modulation,PST,4,4,0,608,-,-,0.000
NEO WINGS,PST,4,4,0,591,-,-,0.000
Head BONK ache,PST,4,4,0,570,-,-,0.000
"Infinite Strife,",PST,4,4,0,888,-,-,0.000
World Ender,PST,4,4,0,616,-,-,0.000
Redraw the Colorless World,PST,4,4,0,568,-,-,0.000
PUPA,PST,4,4,0,374,-,-,0.000
Last,PST,4,4,0,680,-,-,0.000
Crimson Throne,PST,4,4,0,727,-,-,0.000
Manic Jeer,PST,4,4,0,698,-,-,0.000
Genesis (Morrigan feat. Lily),PST,4,4,0,587,-,-,0.000
Used to be,PST,4,4,0,537,-,-,0.000
Devillic Sphere,PST,4,4,0,490,-,-,0.000
99 Glooms,PST,4,4,0,637,-,-,0.000
UNKNOWN LEVELS,PST,4,4,0,591,-,-,0.000
RGB,PST,4,4,0,652,-,-,0.000
Logos,PST,4,4,0,697,-,-,0.000
Dynitikós,PST,4,4,0,683,-,-,0.000
Amekagura,PST,4,4,0,741,-,-,0.000
Kanbu de Tomatte Sugu Tokeru,PST,4,4,0,584,-,-,0.000
KYOREN ROMANCE,PST,4,4,0,821,-,-,0.000
Chromafill,PST,4,4,0,757,-,-,0.000
Old School Salvage,PST,4,4,0,705,-,-,0.000
Beautiful Dreamer,PST,4,4,0,611,-,-,0.000
10pt8ion,PST,4,4,0,475,-,-,0.000
STARGATE EXTREME,PST,4,4,0,337,-,-,0.000
Straight into the lights,PST,4,4,0,583,-,-,0.000
OBLIVION,PST,4,4,0,469,-,-,0.000
disintegration,PST,4,4,0,387,-,-,0.000
Fairytale,PRS,3,3.5,0,511,-,-,0.000
Lucifer,PST,3,3.5,0,424,-,-,0.000
I've heard it said,PST,3,3.5,0,510,-,-,0.000
cry of viyella,PST,3,3.5,0,414,-,-,0.000
Dement ~after legend~,PST,3,3.5,0,548,-,-,0.000
Chronostasis,PST,3,3.5,0,619,-,-,0.000
Your voice so... feat. Such,PST,3,3.5,0,469,-,-,0.000
Ignotus,PST,3,3.5,0,579,-,-,0.000
Lethaeus,PST,3,3.5,0,480,-,-,0.000
Auxesia,PST,3,3.5,0,385,-,-,0.000
Modelista,PST,3,3.5,0,418,-,-,0.000
SOUNDWiTCH,PST,3,3.5,0,315,-,-,0.000
Syro,PST,3,3.5,0,535,-,-,0.000
Specta,PST,3,3.5,0,390,-,-,0.000
Memory Forest,PST,3,3.5,0,639,-,-,0.000
Call My Name feat. Yukacco,PST,3,3.5,0,591,-,-,0.000
Maze No.9,PRS,3,3.5,0,445,-,-,0.000
LunarOrbit -believe in the Espebranch road-,PST,3,3.5,0,624,-,-,0.000
Empire of Winter,PST,3,3.5,0,484,-,-,0.000
Libertas,PST,3,3.5,0,476,-,-,0.000
Ikazuchi,PST,3,3.5,0,656,-,-,0.000
AI[UE]OON,PST,3,3.5,0,436,-,-,0.000
A Wandering Melody of Love,PST,3,3.5,0,422,-,-,0.000
Heavenly caress,PST,3,3.5,0,855,-,-,0.000
Avant Raze,PST,3,3.5,0,580,-,-,0.000
BATTLE NO.1,PST,3,3.5,0,476,-,-,0.000
La'qryma of the Wasteland,PST,3,3.5,0,447,-,-,0.000
world.execute(me);,PST,3,3.5,0,452,-,-,0.000
BLRINK,PST,3,3.5,0,400,-,-,0.000
Oblivia,PST,3,3.5,0,574,-,-,0.000
Equilibrium,PST,3,3.5,0,587,-,-,0.000
Give Me a Nightmare,PST,3,3.5,0,676,-,-,0.000
Feels So Right feat. Renko,PST,3,3.5,0,594,-,-,0.000
Galaxy Friends,PST,3,3.5,0,474,-,-,0.000
Alice's Suitcase,PST,3,3.5,0,644,-,-,0.000
Dazzle hop,PST,3,3.5,0,561,-,-,0.000
ω4,PST,3,3.5,0,816,-,-,0.000
Oshama Scramble!,PST,3,3.5,0,508,-,-,0.000
Last Celebration,PST,3,3.5,0,969,-,-,0.000
GIMME DA BLOOD,PST,3,3.5,0,582,-,-,0.000
Life is PIANO,PST,3,3.5,0,398,-,-,0.000
Crystal Gravity,PST,3,3.5,0,571,-,-,0.000
Löschen,PST,3,3.5,0,642,-,-,0.000
Vandalism,PST,3,3.5,0,668,-,-,0.000
False Embellishment,PST,3,3.5,0,576,-,-,0.000
blue comet,PST,3,3.5,0,494,-,-,0.000
ENERGY SYNERGY MATRIX,PST,3,3.5,0,471,-,-,0.000
lastendconductor,PST,3,3.5,0,726,-,-,0.000
Blocked Library,PST,3,3.5,0,449,-,-,0.000
Final Step!,PST,3,3.5,0,625,-,-,0.000
Haze of Autumn,PST,3,3.5,0,533,-,-,0.000
Sakura Fubuki,PST,3,3.5,0,526,-,-,0.000
san skia,PST,3,3.5,0,670,-,-,0.000
µ,PST,3,3.5,0,825,-,-,0.000
Defection,PST,3,3.5,0,588,-,-,0.000
Loveless Dress,PST,3,3.5,0,537,-,-,0.000
Callima Karma,PST,3,3.5,0,1024,-,-,0.000
Ai Drew,PST,3,3.5,0,694,-,-,0.000
FLUFFY FLASH,PST,3,3.5,0,787,-,-,0.000
World Fragments III(radio edit),PST,3,3.5,0,777,-,-,0.000
MAXRAGE,PST,3,3.5,0,696,-,-,0.000
"Hiiro Gekka, Kyoushou no Zetsu (nayuta 2017 ver.)",PST,3,3.5,0,719,-,-,0.000
IMPACT,PST,3,3.5,0,723,-,-,0.000
Lost Emotion feat. nomico,PST,3,3.5,0,602,-,-,0.000
The Survivor (Game Edit),PST,3,3.5,0,817,-,-,0.000
Lost in the Abyss,PST,3,3.5,0,907,-,-,0.000
DRG,PST,3,3.5,0,380,-,-,0.000
Ultimate taste,PST,3,3.5,0,828,-,-,0.000
SACRIFICE feat. ayame,PST,3,3.5,0,548,-,-,0.000
Kanjou no Matenrou ~Arr.Demetori,PST,3,3.5,0,736,-,-,0.000
Technicolour,PST,3,3.5,0,644,-,-,0.000
Remind the Souls (Short Version),PST,3,3.5,0,561,-,-,0.000
Stratoliner,PST,3,3.5,0,535,-,-,0.000
Hotarubi no Yuki,PST,3,3.5,0,589,-,-,0.000
IONOSTREAM,PST,3,3.5,0,845,-,-,0.000
Masquerade Legion,PST,3,3.5,0,510,-,-,0.000
Awaken In Ruins,PST,3,3.5,0,412,-,-,0.000
Hypnotize,PST,3,3.5,0,518,-,-,0.000
In Vain,PST,3,3.5,0,562,-,-,0.000
shrink,PST,3,3.5,0,451,-,-,0.000
Dual Doom Deathmatch,PST,3,3.5,0,838,-,-,0.000
Hailstone,PST,3,3.5,0,534,-,-,0.000
Third Sun,PST,3,3.5,0,532,-,-,0.000
BlazinG AIR,PST,3,3.5,0,433,-,-,0.000
Ignition,PST,3,3.5,0,578,-,-,0.000
Your Best Nightmare,PST,3,3.5,0,760,-,-,0.000
Black Mirror on the Wall,PST,3,3.5,0,471,-,-,0.000
Shinchoku Doudesuka?,PST,3,3.5,0,595,-,-,0.000
U.A.D,PST,3,3.5,0,366,-,-,0.000
Won't Back Down,PST,3,3.5,0,437,-,-,0.000
Tic! Tac! Toe!,PST,3,3.5,0,353,-,-,0.000
Don't Die,PST,3,3.5,0,460,-,-,0.000
BlythE,PST,3,3.5,0,610,-,-,0.000
SATISFACTION,PST,3,3.5,0,580,-,-,0.000
Miles,PST,3,3.5,0,385,-,-,0.000
See the Lights!,PST,3,3.5,0,445,-,-,0.000
Scarlet Lunar Empress,PST,3,3.5,0,609,-,-,0.000
incomplete the one,PST,3,3.5,0,691,-,-,0.000
Babaroque,PST,3,3,0,402,-,-,0.000
Shades of Light in a Transcendent Realm,PST,3,3,0,517,-,-,0.000
Flyburg and Endroll,PST,3,3,0,413,-,-,0.000
DataErr0r,PST,3,3,0,502,-,-,0.000
Oracle,PST,3,3,0,425,-,-,0.000
trappola bewitching,PST,3,3,0,415,-,-,0.000
Surrender,PST,3,3,0,550,-,-,0.000
Journey,PST,3,3,0,551,-,-,0.000
Metallic Punisher,PST,3,3,0,500,-,-,0.000
Maze No.9,PST,3,3,0,494,-,-,0.000
The Message,PST,3,3,0,536,-,-,0.000
Nhelv,PST,3,3,0,647,-,-,0.000
Fallensquare,PST,3,3,0,316,-,-,0.000
Hall of Mirrors,PST,3,3,0,535,-,-,0.000
STAGER (ALL STAGE CLEAR),PST,3,3,0,453,-,-,0.000
Rugie,PST,3,3,0,566,-,-,0.000
MERLIN,PST,3,3,0,315,-,-,0.000
OMAKENO Stroke,PST,3,3,0,502,-,-,0.000
DX Choseinou Full Metal Shojo,PST,3,3,0,327,-,-,0.000
Black Territory,PST,3,3,0,627,-,-,0.000
Corruption,PST,3,3,0,664,-,-,0.000
ReviXy,PST,3,3,0,538,-,-,0.000
VECTOЯ,PST,3,3,0,675,-,-,0.000
SUPERNOVA,PST,3,3,0,664,-,-,0.000
Dot to Dot feat. shully,PST,3,3,0,453,-,-,0.000
Chelsea,PST,3,3,0,388,-,-,0.000
Tie me down gently,PST,3,3,0,581,-,-,0.000
Senkyou,PST,3,3,0,627,-,-,0.000
Black Lotus,PST,3,3,0,653,-,-,0.000
Faint Light (Arcaea Edit),PST,3,3,0,587,-,-,0.000
Teriqma,PST,3,3,0,345,-,-,0.000
MAHOROBA,PST,3,3,0,422,-,-,0.000
Got hive of Ra,PST,3,3,0,322,-,-,0.000
Xeraphinite,PST,3,3,0,383,-,-,0.000
Heart Jackin',PST,3,3,0,506,-,-,0.000
7thSense,PST,3,3,0,360,-,-,0.000
Bamboo,PST,3,3,0,499,-,-,0.000
Can I Friend You on Bassbook? Lol,PST,3,3,0,415,-,-,0.000
Coastal Highway,PST,3,3,0,355,-,-,0.000
THE ULTIMACY,PST,3,3,0,749,-,-,0.000
Small Cloud Sugar Candy,PST,3,3,0,548,-,-,0.000
AlterAle,PST,3,3,0,728,-,-,0.000
Let you DIVE! (nitro rmx),PST,3,3,0,608,-,-,0.000
Mazy Metroplex,PST,3,3,0,453,-,-,0.000
Ascent,PST,3,3,0,455,-,-,0.000
Summer Fireworks of Love,PST,3,3,0,478,-,-,0.000
Ävril -Flicka i krans-,PST,3,3,0,459,-,-,0.000
NULCTRL,PST,3,3,0,407,-,-,0.000
INTERNET OVERDOSE,PST,3,3,0,430,-,-,0.000
Protoflicker,PST,3,3,0,510,-,-,0.000
Dancin' on a Cat's Paw,PST,3,3,0,417,-,-,0.000
cocoro*cosmetic,PST,3,3,0,525,-,-,0.000
Dialnote,PST,3,3,0,393,-,-,0.000
"Tsuki ni Murakumo, Hana ni Kaze",PST,3,3,0,468,-,-,0.000
MANTIS (Arcaea Ultra-Bloodrush VIP),PST,3,3,0,575,-,-,0.000
Let's Rock (Arcaea mix),PST,3,3,0,541,-,-,0.000
Lawless Point,PST,3,3,0,476,-,-,0.000
Galactic Love,PST,3,3,0,513,-,-,0.000
Raven's Pride,PST,3,3,0,697,-,-,0.000
Primeval Texture,PST,3,3,0,387,-,-,0.000
Nameless Passion,PST,3,3,0,681,-,-,0.000
FANTA5Y,PST,3,3,0,536,-,-,0.000
Alone & Lorn,PST,3,3,0,643,-,-,0.000
felys final remix,PST,3,3,0,626,-,-,0.000
On And On!! feat. Jenga,PST,3,3,0,370,-,-,0.000
The Formula,PST,3,3,0,427,-,-,0.000
Luna Rossa,PST,3,3,0,443,-,-,0.000
Innocence,PST,3,3,0,734,-,-,0.000
MORNINGLOOM,PST,3,3,0,710,-,-,0.000
Floating World,PST,3,3,0,753,-,-,0.000
"Sign of ""10.5km""",PST,3,3,0,490,-,-,0.000
Distortion Human,PST,3,3,0,544,-,-,0.000
Inverted World,PST,3,3,0,525,-,-,0.000
epitaxy,PST,3,3,0,826,-,-,0.000
Saint or Sinner,PST,3,3,0,447,-,-,0.000
Crimson Quartz,PST,3,3,0,569,-,-,0.000
Swan Song,PST,3,3,0,563,-,-,0.000
LiftOff,PST,3,3,0,459,-,-,0.000
astral.exe,PST,3,3,0,654,-,-,0.000
End of The Moonlight,PST,3,3,0,340,-,-,0.000
I want You,PST,3,3,0,326,-,-,0.000
Someday,PST,3,3,0,367,-,-,0.000
Vexaria,PST,2,2.5,0,369,-,-,0.000
Rise,PST,2,2.5,0,322,-,-,0.000
Snow White,PST,2,2.5,0,486,-,-,0.000
Lumia,PST,2,2.5,0,469,-,-,0.000
memoryfactory.lzh,PST,2,2.5,0,308,-,-,0.000
Dandelion,PST,2,2.5,0,391,-,-,0.000
Anökumene,PST,2,2.5,0,412,-,-,0.000
Nirv lucE,PST,2,2.5,0,297,-,-,0.000
REconstruction,PST,2,2.5,0,347,-,-,0.000
Moonheart,PST,2,2.5,0,449,-,-,0.000
Rabbit In The Black Room,PST,2,2.5,0,373,-,-,0.000
One Last Drive,PST,2,2.5,0,604,-,-,0.000
Reinvent,PST,2,2.5,0,570,-,-,0.000
Silent Rush,PST,2,2.5,0,416,-,-,0.000
Strongholds,PST,2,2.5,0,570,-,-,0.000
Purgatorium,PST,2,2.5,0,609,-,-,0.000
Hikari,PST,2,2.5,0,237,-,-,0.000
Linear Accelerator,PST,2,2.5,0,438,-,-,0.000
Grimheart,PST,2,2.5,0,728,-,-,0.000
World Vanquisher,PST,2,2.5,0,529,-,-,0.000
Diode,PST,2,2.5,0,452,-,-,0.000
1F√,PST,2,2.5,0,411,-,-,0.000
Altale,PST,2,2.5,0,357,-,-,0.000
Alice à la mode,PST,2,2.5,0,436,-,-,0.000
Beside You,PST,2,2.5,0,526,-,-,0.000
Lazy Addiction,PST,2,2.5,0,462,-,-,0.000
Turbocharger,PST,2,2.5,0,419,-,-,0.000
Quon (DJ Noriken),PST,2,2.5,0,425,-,-,0.000
with U,PST,2,2.5,0,448,-,-,0.000
Cosmica,PST,2,2.5,0,428,-,-,0.000
First Snow,PST,2,2.5,0,366,-,-,0.000
Lights of Muse,PST,2,2.5,0,333,-,-,0.000
DDD,PST,2,2.5,0,363,-,-,0.000
Altair (feat. *spiLa*),PST,2,2.5,0,670,-,-,0.000
Cosmo Pop Funclub,PST,2,2.5,0,352,-,-,0.000
GIMMICK,PST,2,2.5,0,421,-,-,0.000
Bullet Waiting for Me (James Landino remix),PST,2,2.5,0,325,-,-,0.000
WAIT FOR DAWN,PST,2,2.5,0,596,-,-,0.000
Transient Space,PST,2,2.5,0,419,-,-,0.000
Ouvertüre,PST,2,2.5,0,583,-,-,0.000
Jingle,PST,2,2.5,0,530,-,-,0.000
HELLOHELL,PST,2,2.5,0,466,-,-,0.000
〇、,PST,2,2.5,0,368,-,-,0.000
Hidden Rainbows of Epicurus,PST,2,2.5,0,595,-,-,0.000
Waltz for Lorelei,PST,2,2.5,0,664,-,-,0.000
FURETE-MITAI,PST,2,2.5,0,447,-,-,0.000
Gensou no Satellite,PST,2,2.5,0,721,-,-,0.000
Prayer,PST,2,2.5,0,419,-,-,0.000
Death by Glamour,PST,2,2.5,0,460,-,-,0.000
Last Goodbye,PST,2,2.5,0,497,-,-,0.000
Ladymade Star,PST,2,2.5,0,394,-,-,0.000
Factorder,PST,2,2.5,0,510,-,-,0.000
Flashback,PST,2,2,0,356,-,-,0.000
Brand new world,PST,2,2,0,322,-,-,0.000
Evoltex (poppi'n mix),PST,2,2,0,297,-,-,0.000
Clotho and the stargazer,PST,2,2,0,519,-,-,0.000
Impure Bird,PST,2,2,0,350,-,-,0.000
Genesis (Iris),PST,2,2,0,275,-,-,0.000
inkar-usi,PST,2,2,0,276,-,-,0.000
Suomi,PST,2,2,0,368,-,-,0.000
Illegal Paradise,PST,2,2,0,535,-,-,0.000
Antithese,PST,2,2,0,845,-,-,0.000
Vivid Theory,PST,2,2,0,447,-,-,0.000
Lapis,PST,2,2,0,391,-,-,0.000
Eccentric Tale,PST,2,2,0,313,-,-,0.000
April showers,PST,2,2,0,363,-,-,0.000
enchanted love,PST,2,2,0,436,-,-,0.000
Paper Witch,PST,2,2,0,348,-,-,0.000
Blue Rose,PST,2,2,0,595,-,-,0.000
Prism,PST,2,2,0,476,-,-,0.000
PICO-Pico-Translation!,PST,2,2,0,543,-,-,0.000
CYCLES,PST,2,2,0,389,-,-,0.000
syūten,PST,2,2,0,395,-,-,0.000
Leave All Behind,PST,2,2,0,380,-,-,0.000
Sayonara Hatsukoi,PST,1,1.5,0,205,-,-,0.000
Infinity Heaven,PST,1,1.5,0,336,-,-,0.000
Moonlight of Sand Castle,PST,1,1.5,0,418,-,-,0.000
Dream goes on,PST,1,1.5,0,532,-,-,0.000
dropdead,PST,1,1.5,0,44,-,-,0.000
Heartache,PST,1,1.5,0,425,-,-,0.000
Dematerialized,PST,1,1.5,0,469,-,-,0.000
Fairytale,PST,1,1,0,336,-,-,0.000
Paradise,PST,1,1,0,253,-,-,0.000
Kanagawa Cyber Culvert,PST,1,1,0,375,-,-,0.000
Blossoms,PST,1,1,0,275,-,-,0.000
Romance Wars,PST,1,1,0,423,-,-,0.000
Harutopia ~Utopia of Spring~,PST,1,1,0,444,-,-,0.000
Heart,PST,1,1,0,428,-,-,0.000